type,name,module,path,hash
"yaml","manifest","_config","_config/manifest.yaml","64a3617ceea918ce966a1a3b43d24997d81da6c386a09376815b20e4bd835bac"
"csv","documentation-requirements","bmm","bmm/1-analysis/bmad-document-project/documentation-requirements.csv","d1253b99e88250f2130516b56027ed706e643bfec3d99316727a4c6ec65c6c1d"
"csv","domain-complexity","bmm","bmm/2-plan-workflows/bmad-create-prd/data/domain-complexity.csv","f775f09fb4dc1b9214ca22db4a3994ce53343d976d7f6e5384949835db6d2770"
"csv","domain-complexity","bmm","bmm/2-plan-workflows/bmad-validate-prd/data/domain-complexity.csv","f775f09fb4dc1b9214ca22db4a3994ce53343d976d7f6e5384949835db6d2770"
"csv","domain-complexity","bmm","bmm/3-solutioning/bmad-create-architecture/data/domain-complexity.csv","3dc34ed39f1fc79a51f7b8fc92087edb7cd85c4393a891d220f2e8dd5a101c70"
"csv","module-help","bmm","bmm/module-help.csv","2e9b3c8492a9e03b6aa81ee93ea63cb9fd94c28b9993d688ad45a2e23955408e"
"csv","project-types","bmm","bmm/2-plan-workflows/bmad-create-prd/data/project-types.csv","7a01d336e940fb7a59ff450064fd1194cdedda316370d939264a0a0adcc0aca3"
"csv","project-types","bmm","bmm/2-plan-workflows/bmad-validate-prd/data/project-types.csv","7a01d336e940fb7a59ff450064fd1194cdedda316370d939264a0a0adcc0aca3"
"csv","project-types","bmm","bmm/3-solutioning/bmad-create-architecture/data/project-types.csv","12343635a2f11343edb1d46906981d6f5e12b9cad2f612e13b09460b5e5106e7"
"json","bmad-manifest","bmm","bmm/1-analysis/bmad-prfaq/bmad-manifest.json","3da3d0a00b21c040f17bbc5d63283f23b432a92214634b211a5396ca864b2c7d"
"json","bmad-manifest","bmm","bmm/1-analysis/bmad-product-brief/bmad-manifest.json","22c9c569e116024e19ce8d57a1572a9be456dadc3df309a6e3922862a72775b6"
"json","project-scan-report-schema","bmm","bmm/1-analysis/bmad-document-project/templates/project-scan-report-schema.json","8466965321f1db22f5013869636199f67e0113706283c285a7ffbbf5efeea321"
"md","architecture-decision-template","bmm","bmm/3-solutioning/bmad-create-architecture/architecture-decision-template.md","5d9adf90c28df61031079280fd2e49998ec3b44fb3757c6a202cda353e172e9f"
"md","artifact-analyzer","bmm","bmm/1-analysis/bmad-prfaq/agents/artifact-analyzer.md","7bdc44830f8d593346ec0ee15e36e1e431432fcc6c38b70bb861999315c9cfa4"
"md","artifact-analyzer","bmm","bmm/1-analysis/bmad-product-brief/agents/artifact-analyzer.md","dcd8c4bb367fa48ff99c26565d164323b2ae057b09642ba7d1fda1683262be2d"
"md","brief-template","bmm","bmm/1-analysis/bmad-product-brief/resources/brief-template.md","d42f0ef6b154b5c314090be393febabd61de3d8de1ecf926124d40d418552b4b"
"md","checklist","bmm","bmm/1-analysis/bmad-document-project/checklist.md","581b0b034c25de17ac3678db2dbafedaeb113de37ddf15a4df6584cf2324a7d7"
"md","checklist","bmm","bmm/4-implementation/bmad-correct-course/checklist.md","3e082b95def90ccb876e3101ce0bbaf797a0f03a9471e1347361897f27977327"
"md","checklist","bmm","bmm/4-implementation/bmad-create-story/checklist.md","b94e28e774c3be0288f04ea163424bece4ddead5cd3f3680d1603ed07383323a"
"md","checklist","bmm","bmm/4-implementation/bmad-dev-story/checklist.md","630b68c6824a8785003a65553c1f335222b17be93b1bd80524c23b38bde1d8af"
"md","checklist","bmm","bmm/4-implementation/bmad-qa-generate-e2e-tests/checklist.md","b58f810aeb1040c2f6758c88aa133afce72f8cc178d3d97ff0fbaa3d943057dc"
"md","checklist","bmm","bmm/4-implementation/bmad-sprint-planning/checklist.md","80b10aedcf88ab1641b8e5f99c9a400c8fd9014f13ca65befc5c83992e367dd7"
"md","compile-epic-context","bmm","bmm/4-implementation/bmad-quick-dev/compile-epic-context.md","5cfda02f252941e415b80c57b4528f46226b3cbf456ad45d78fcb5a7ef4816e2"
"md","contextual-discovery","bmm","bmm/1-analysis/bmad-product-brief/prompts/contextual-discovery.md","b29d2c555cec9777d43b9aa7193881c468e619db14f366f53a3be5661d0e05b4"
"md","customer-faq","bmm","bmm/1-analysis/bmad-prfaq/references/customer-faq.md","96f8565197649c58908a1d61b6cd805fd01f57da7945ba889c18d087ad597aeb"
"md","deep-dive-instructions","bmm","bmm/1-analysis/bmad-document-project/workflows/deep-dive-instructions.md","a79e24b93a25ab456062916a9dad7b6a16dc43ac0b4b555700d3c3751cff0d25"
"md","deep-dive-template","bmm","bmm/1-analysis/bmad-document-project/templates/deep-dive-template.md","6198aa731d87d6a318b5b8d180fc29b9aa53ff0966e02391c17333818e94ffe9"
"md","deep-dive-workflow","bmm","bmm/1-analysis/bmad-document-project/workflows/deep-dive-workflow.md","a64d98dfa3b771df2853c4fa19a4e9c90d131e409e13b4c6f5e494d6ac715125"
"md","discover-inputs","bmm","bmm/4-implementation/bmad-create-story/discover-inputs.md","dfedba6a8ea05c9a91c6d202c4b29ee3ea793d8ef77575034787ae0fef280507"
"md","draft-and-review","bmm","bmm/1-analysis/bmad-product-brief/prompts/draft-and-review.md","e05a02ea67fcd0f4683b9c9bd42ac8673878d403e002037e3962062d11f69059"
"md","epics-template","bmm","bmm/3-solutioning/bmad-create-epics-and-stories/templates/epics-template.md","a804f740155156d89661fa04e7a4264a8f712c4dc227c44fd8ae804a9b0f6b72"
"md","explain-concept","bmm","bmm/1-analysis/bmad-agent-tech-writer/explain-concept.md","6ea82dbe4e41d4bb8880cbaa62d936e40cef18f8c038be73ae6e09c462abafc9"
"md","finalize","bmm","bmm/1-analysis/bmad-product-brief/prompts/finalize.md","973a3e2ae70f9c2413c5435591a4b8d1919e8a209c139d063483bc5028922ee3"
"md","full-scan-instructions","bmm","bmm/1-analysis/bmad-document-project/workflows/full-scan-instructions.md","2235945df2ae261265187447ce593238e132a026a9b88d3507a1f1d6808a0263"
"md","full-scan-workflow","bmm","bmm/1-analysis/bmad-document-project/workflows/full-scan-workflow.md","3bff88a392c16602bd44730f32483505e73e65e46e82768809c13a0a5f55608b"
"md","generate-trail","bmm","bmm/4-implementation/bmad-checkpoint-preview/generate-trail.md","4a5936d86fbe5a85285b4535097b1e2edda8849da35586f4b588a982d7224459"
"md","guided-elicitation","bmm","bmm/1-analysis/bmad-product-brief/prompts/guided-elicitation.md","db9c691986aeb9ccc2aae824eefabb1740e64920b5bb9a517e3b7d99bcaa3da5"
"md","index-template","bmm","bmm/1-analysis/bmad-document-project/templates/index-template.md","42c8a14f53088e4fda82f26a3fe41dc8a89d4bcb7a9659dd696136378b64ee90"
"md","instructions","bmm","bmm/1-analysis/bmad-document-project/instructions.md","9f4bc3a46559ffd44289b0d61a0f8f26f829783aa1c0e2a09dfa807fa93eb12f"
"md","internal-faq","bmm","bmm/1-analysis/bmad-prfaq/references/internal-faq.md","26eb83f844cda1ed8efb50f4703d61713ada8a64bd27eb387f759f858b5748de"
"md","mermaid-gen","bmm","bmm/1-analysis/bmad-agent-tech-writer/mermaid-gen.md","1d83fcc5fa842bc31ecd9fd7e45fbf013fabcadf0022d3391fff5b53b48e4b5d"
"md","opportunity-reviewer","bmm","bmm/1-analysis/bmad-product-brief/agents/opportunity-reviewer.md","3b6d770c45962397bfecce5d4b001b03fc0e577aa75f7932084b56efe41edc07"
"md","prd-purpose","bmm","bmm/2-plan-workflows/bmad-create-prd/data/prd-purpose.md","49c4641b91504bb14e3887029b70beacaff83a2de200ced4f8cb11c1356ecaee"
"md","prd-purpose","bmm","bmm/2-plan-workflows/bmad-edit-prd/data/prd-purpose.md","49c4641b91504bb14e3887029b70beacaff83a2de200ced4f8cb11c1356ecaee"
"md","prd-purpose","bmm","bmm/2-plan-workflows/bmad-validate-prd/data/prd-purpose.md","49c4641b91504bb14e3887029b70beacaff83a2de200ced4f8cb11c1356ecaee"
"md","prd-template","bmm","bmm/2-plan-workflows/bmad-create-prd/templates/prd-template.md","7ccccab9c06a626b7a228783b0b9b6e4172e9ec0b10d47bbfab56958c898f837"
"md","press-release","bmm","bmm/1-analysis/bmad-prfaq/references/press-release.md","c406adb0e2d2cc326cbc45d0174f89d014523448ad82bc272293999d22aec596"
"md","prfaq-template","bmm","bmm/1-analysis/bmad-prfaq/assets/prfaq-template.md","b27e6964f0437ab4e78c8c0ffbe5052c28e3b3ef2fc811726cbb394d5a5c7559"
"md","project-context-template","bmm","bmm/3-solutioning/bmad-generate-project-context/project-context-template.md","54e351394ceceb0ac4b5b8135bb6295cf2c37f739c7fd11bb895ca16d79824a5"
"md","project-overview-template","bmm","bmm/1-analysis/bmad-document-project/templates/project-overview-template.md","a7c7325b75a5a678dca391b9b69b1e3409cfbe6da95e70443ed3ace164e287b2"
"md","readiness-report-template","bmm","bmm/3-solutioning/bmad-check-implementation-readiness/templates/readiness-report-template.md","0da97ab1e38818e642f36dc0ef24d2dae69fc6e0be59924dc2dbf44329738ff6"
"md","research.template","bmm","bmm/1-analysis/research/bmad-domain-research/research.template.md","507bb6729476246b1ca2fca4693986d286a33af5529b6cd5cb1b0bb5ea9926ce"
"md","research.template","bmm","bmm/1-analysis/research/bmad-market-research/research.template.md","507bb6729476246b1ca2fca4693986d286a33af5529b6cd5cb1b0bb5ea9926ce"
"md","research.template","bmm","bmm/1-analysis/research/bmad-technical-research/research.template.md","507bb6729476246b1ca2fca4693986d286a33af5529b6cd5cb1b0bb5ea9926ce"
"md","skeptic-reviewer","bmm","bmm/1-analysis/bmad-product-brief/agents/skeptic-reviewer.md","fc1642dff30b49032db63f6518c5b34d3932c9efefaea2681186eb963b207b97"
"md","SKILL","bmm","bmm/1-analysis/bmad-agent-analyst/SKILL.md","dff8fbd39de875ccc6735204561f2b7b877788843ecd6e8b6001e7ca7f39641e"
"md","SKILL","bmm","bmm/1-analysis/bmad-agent-tech-writer/SKILL.md","d39ffa2a931361e9fea11ef5eb96da0fc6b8dbab70dc200142404a50b78e7665"
"md","SKILL","bmm","bmm/1-analysis/bmad-document-project/SKILL.md","efe25c8c27116faeeef119078953c38e827db787338fdb2dca65c086f42e0c4b"
"md","SKILL","bmm","bmm/1-analysis/bmad-prfaq/SKILL.md","9e864f574cc2e1411284edb625a17268aab1f894c46baac2edc3bcf1383adaca"
"md","SKILL","bmm","bmm/1-analysis/bmad-product-brief/SKILL.md","044459f71dd94177982629837d47c5e507599f351e0acbab0edf9d36e5f08d2e"
"md","SKILL","bmm","bmm/1-analysis/research/bmad-domain-research/SKILL.md","53d2ee5ccbd1d73290e752cff0235bfdb4928dc5ee70f347992ef15621341124"
"md","SKILL","bmm","bmm/1-analysis/research/bmad-market-research/SKILL.md","720183e577a5f6f307f320703a5ec522190723e957cfe6ad7821d8d833dea0c7"
"md","SKILL","bmm","bmm/1-analysis/research/bmad-technical-research/SKILL.md","1c4b61afaeedd3191db65923253be56084c64e4f832f0e2b9179671f91b5bf20"
"md","SKILL","bmm","bmm/2-plan-workflows/bmad-agent-pm/SKILL.md","3a8550daac2df2f01a7c04b66148c1e30b50f81730f043415f2a1aba6314f8a4"
"md","SKILL","bmm","bmm/2-plan-workflows/bmad-agent-ux-designer/SKILL.md","3ac99856f0ee9bae3ba05cefab32e90920b4a1fdf0e8c4bf9c440be31f9e5a1f"
"md","SKILL","bmm","bmm/2-plan-workflows/bmad-create-prd/SKILL.md","ada295172352839ec0c38c833387bf3d188052b054eeb44686b9ec075c4944f2"
"md","SKILL","bmm","bmm/2-plan-workflows/bmad-create-ux-design/SKILL.md","24a4123035194bd3517a059417dcd8114db90f99314ed1a51cfdbbaff02860b2"
"md","SKILL","bmm","bmm/2-plan-workflows/bmad-edit-prd/SKILL.md","b0ae6e77ca10f1869c5d3ff8f3ed4f8fe0b318982dde870cef944f18207e4197"
"md","SKILL","bmm","bmm/2-plan-workflows/bmad-validate-prd/SKILL.md","801127bfb5592608fb8e7d3e5d89f37e7c675ab4710520f87a5db4d8a8240d88"
"md","SKILL","bmm","bmm/3-solutioning/bmad-agent-architect/SKILL.md","1bb79ab9d9ae3180a6142d9d20c2a5cb15ad5d5f28e38a7f847295dd04d2299f"
"md","SKILL","bmm","bmm/3-solutioning/bmad-check-implementation-readiness/SKILL.md","c683db5628781e6dba6fad388ed65cf7561a208e773f72c786918743e379abef"
"md","SKILL","bmm","bmm/3-solutioning/bmad-create-architecture/SKILL.md","b12711f1655cb809bb74a3e11e40943dce225ccba9d01974d5bf521a5867ba23"
"md","SKILL","bmm","bmm/3-solutioning/bmad-create-epics-and-stories/SKILL.md","9db05e4a63ead6e416009fdec250bb9b749b361331964b601559ffeedd2f1c0f"
"md","SKILL","bmm","bmm/3-solutioning/bmad-generate-project-context/SKILL.md","3d8c20e13e62981464365509fc5e1dfd31e70a94e8c08b048a3e3866ea00ff43"
"md","SKILL","bmm","bmm/4-implementation/bmad-agent-dev/SKILL.md","ab47a75e3031bc58a9783e4f8dece8d44dfdacb7ba74cd56f766b260f9993218"
"md","SKILL","bmm","bmm/4-implementation/bmad-checkpoint-preview/SKILL.md","fcdd92af6b97ae64f99a89c37deef0074a974ffa577263e6c79c4b6734c63bda"
"md","SKILL","bmm","bmm/4-implementation/bmad-code-review/SKILL.md","6801f6742156f125185b1eb6e10c58dfde4ff6545b2e6278acf68cbcfbe0abe4"
"md","SKILL","bmm","bmm/4-implementation/bmad-correct-course/SKILL.md","25be5dd528b5c3996e5fa02fc30b72377f688436742c6962f4a1e9a2dac46e55"
"md","SKILL","bmm","bmm/4-implementation/bmad-create-story/SKILL.md","81517ba8ef137a15002d6d21ef18a1e88190c74ac9e0c5b29227e4059870809a"
"md","SKILL","bmm","bmm/4-implementation/bmad-dev-story/SKILL.md","5e7d3bca5051ff8f009bcf608e3fdac3260c2aa6faa8df170a954fe03a4a03f8"
"md","SKILL","bmm","bmm/4-implementation/bmad-qa-generate-e2e-tests/SKILL.md","ad6025f0279ef9fac2f6c76d8f612c37ccc23f8062b7ac0ac40708b49cc7db80"
"md","SKILL","bmm","bmm/4-implementation/bmad-quick-dev/SKILL.md","2b2e57e5327fc69962e6529a0c17498185b571646a9c7360e5c15be14ea7e63b"
"md","SKILL","bmm","bmm/4-implementation/bmad-retrospective/SKILL.md","997308d999545fa6c82b8652a2973e1d89d82cfbf892531e25e491291a95c33e"
"md","SKILL","bmm","bmm/4-implementation/bmad-sprint-planning/SKILL.md","21946cdaef8115deee6ce322c460e8af39368509d700c778cd7109f50a6821eb"
"md","SKILL","bmm","bmm/4-implementation/bmad-sprint-status/SKILL.md","2fe141bc2033ea341a73fb93349fcee0296d8d8714fcf984ab056bc0abae0a19"
"md","source-tree-template","bmm","bmm/1-analysis/bmad-document-project/templates/source-tree-template.md","109bc335ebb22f932b37c24cdc777a351264191825444a4d147c9b82a1e2ad7a"
"md","spec-template","bmm","bmm/4-implementation/bmad-quick-dev/spec-template.md","3ee15d5a63cf5eeee74149c590668fc61d0e44023eac12988a1ca2a9438a9d39"
"md","step-01-clarify-and-route","bmm","bmm/4-implementation/bmad-quick-dev/step-01-clarify-and-route.md","b5eb9f0cecf2a462885b8e7b4c21abbaec1e95c8abbd76bc410d9090fd8379f0"
"md","step-01-discover","bmm","bmm/3-solutioning/bmad-generate-project-context/steps/step-01-discover.md","8b2c8c7375f8a3c28411250675a28c0d0a9174e6c4e67b3d53619888439c4613"
"md","step-01-document-discovery","bmm","bmm/3-solutioning/bmad-check-implementation-readiness/steps/step-01-document-discovery.md","c763b512d55906122433cb65c1bcd5b5b283e45eacdc07281c8ec7596b6b3980"
"md","step-01-gather-context","bmm","bmm/4-implementation/bmad-code-review/steps/step-01-gather-context.md","d0ee7558605e9d48b5b6f15d9b535542eb6d922613f529bb520326eacade4171"
"md","step-01-init","bmm","bmm/1-analysis/research/bmad-domain-research/domain-steps/step-01-init.md","efee243f13ef54401ded88f501967b8bc767460cec5561b2107fc03fe7b7eab1"
"md","step-01-init","bmm","bmm/1-analysis/research/bmad-market-research/steps/step-01-init.md","64d5501aea0c0005db23a0a4d9ee84cf4e9239f553c994ecc6b1356917967ccc"
"md","step-01-init","bmm","bmm/1-analysis/research/bmad-technical-research/technical-steps/step-01-init.md","c9a1627ecd26227e944375eb691e7ee6bc9f5db29a428a5d53e5d6aef8bb9697"
"md","step-01-init","bmm","bmm/2-plan-workflows/bmad-create-prd/steps-c/step-01-init.md","922f59e960569f68bbf0d2c17ecdca74e9d9b92c6a802a5ea888e10774be7738"
"md","step-01-init","bmm","bmm/2-plan-workflows/bmad-create-ux-design/steps/step-01-init.md","0b257533a0ce34d792f621da35325ec11cb883653e3ad546221ee1f0dee5edcd"
"md","step-01-init","bmm","bmm/3-solutioning/bmad-create-architecture/steps/step-01-init.md","5119205b712ebda0cd241c3daad217bb0f6fa9e6cb41d6635aec6b7fe83b838a"
"md","step-01-orientation","bmm","bmm/4-implementation/bmad-checkpoint-preview/step-01-orientation.md","d9e3b949c36d49a025f3535773af2b51888fe4ce616b6d6d69683a122716b1d2"
"md","step-01-validate-prerequisites","bmm","bmm/3-solutioning/bmad-create-epics-and-stories/steps/step-01-validate-prerequisites.md","5c2aabc871363d84fc2e12fd83a3889e9d752b6bd330e31a0067c96204dd4880"
"md","step-01b-continue","bmm","bmm/2-plan-workflows/bmad-create-prd/steps-c/step-01b-continue.md","bdc3677aa220c4822b273d9bc8579669e003cc96d49475ddb3116bdef759cf04"
"md","step-01b-continue","bmm","bmm/2-plan-workflows/bmad-create-ux-design/steps/step-01b-continue.md","4d42c6b83eaa720975bf2206a7eea1a8c73ae922668cc2ef03d34c49ab066c19"
"md","step-01b-continue","bmm","bmm/3-solutioning/bmad-create-architecture/steps/step-01b-continue.md","4bf216008297dcea25f8be693109cf17879c621865b302c994cdd15aa5124e5f"
"md","step-02-context","bmm","bmm/3-solutioning/bmad-create-architecture/steps/step-02-context.md","4381c5128de7d5c02ac806a1263e3965754bd2598954f3188219fbd87567e5c9"
"md","step-02-customer-behavior","bmm","bmm/1-analysis/research/bmad-market-research/steps/step-02-customer-behavior.md","bac4de244049f90d1f2eb95e2cc9389cc84966d9538077fef1ec9c35e4533849"
"md","step-02-design-epics","bmm","bmm/3-solutioning/bmad-create-epics-and-stories/steps/step-02-design-epics.md","7c66987808c1f84e853fe54b7aff26d209196d450b5644704110f124a15179bc"
"md","step-02-discovery","bmm","bmm/2-plan-workflows/bmad-create-prd/steps-c/step-02-discovery.md","4ef0a3e62c05bfe90fbeca03d58ada11017098523a563003d574462d65f51e78"
"md","step-02-discovery","bmm","bmm/2-plan-workflows/bmad-create-ux-design/steps/step-02-discovery.md","9ffd5b31cc869b564e4d78cdc70767f0fb1b04db4c40201ccfa9dde75739fa8d"
"md","step-02-domain-analysis","bmm","bmm/1-analysis/research/bmad-domain-research/domain-steps/step-02-domain-analysis.md","385a288d9bbb0adf050bcce4da4dad198a9151822f9766900404636f2b0c7f9d"
"md","step-02-generate","bmm","bmm/3-solutioning/bmad-generate-project-context/steps/step-02-generate.md","b1f063edae66a74026b67a79a245cec7ee85438bafcacfc70dcf6006b495e060"
"md","step-02-plan","bmm","bmm/4-implementation/bmad-quick-dev/step-02-plan.md","72f4df415adceaaf554166983559e058c6a019d783d0f87cf42c401db3c5f52c"
"md","step-02-prd-analysis","bmm","bmm/3-solutioning/bmad-check-implementation-readiness/steps/step-02-prd-analysis.md","38be2bf4b924c0b5b395b57d68f685d790ade7b1a6c10993d3c550675f87d954"
"md","step-02-review","bmm","bmm/4-implementation/bmad-code-review/steps/step-02-review.md","1883758e0e91fba439497d04417f03d778f3f6fb12754f49aa8cfa5e15489f70"
"md","step-02-technical-overview","bmm","bmm/1-analysis/research/bmad-technical-research/technical-steps/step-02-technical-overview.md","9c7582241038b16280cddce86f2943216541275daf0a935dcab78f362904b305"
"md","step-02-walkthrough","bmm","bmm/4-implementation/bmad-checkpoint-preview/step-02-walkthrough.md","66cf893f8f968ee81034e9ccd8c20415692c3a8c23a9a143c2245fe6c800acdc"
"md","step-02b-vision","bmm","bmm/2-plan-workflows/bmad-create-prd/steps-c/step-02b-vision.md","641fcd72722c34850bf2daf38a4dfc544778999383aa9b33b4e7569de5860721"
"md","step-02c-executive-summary","bmm","bmm/2-plan-workflows/bmad-create-prd/steps-c/step-02c-executive-summary.md","7abf23a4ae7a7e1653cb86d90fdb1698cbe876628de3273b5638cfb05e34b615"
"md","step-03-competitive-landscape","bmm","bmm/1-analysis/research/bmad-domain-research/domain-steps/step-03-competitive-landscape.md","f10aa088ba00c59491507f6519fb314139f8be6807958bb5fd1b66bff2267749"
"md","step-03-complete","bmm","bmm/3-solutioning/bmad-generate-project-context/steps/step-03-complete.md","e61463db76a8fa060411aa24127aee936d646b97564e9e2a883494ea50e68464"
"md","step-03-core-experience","bmm","bmm/2-plan-workflows/bmad-create-ux-design/steps/step-03-core-experience.md","1f58c8a2f6872f468629ecb67e94f793af9d10d2804fe3e138eba03c090e00c5"
"md","step-03-create-stories","bmm","bmm/3-solutioning/bmad-create-epics-and-stories/steps/step-03-create-stories.md","c5b787a82e4e49ed9cd9c028321ee1689f32b8cd69d89eea609b37cd3d481afc"
"md","step-03-customer-pain-points","bmm","bmm/1-analysis/research/bmad-market-research/steps/step-03-customer-pain-points.md","5b2418ccaaa89291c593efed0311b3895faad1e9181800d382da823a8eb1312a"
"md","step-03-detail-pass","bmm","bmm/4-implementation/bmad-checkpoint-preview/step-03-detail-pass.md","d48163b9f305f15af57729a8443142e47beb6c3e977554afe12b39ee49cb9fc0"
"md","step-03-epic-coverage-validation","bmm","bmm/3-solutioning/bmad-check-implementation-readiness/steps/step-03-epic-coverage-validation.md","7b187f03a47cba0325fcfd10240410db9c59d93768342fc2dd3de2a01ec23356"
"md","step-03-implement","bmm","bmm/4-implementation/bmad-quick-dev/step-03-implement.md","4d848865eafe5eeba7d83529c766bd410a9cc20a05de1d6a764954c7275b4749"
"md","step-03-integration-patterns","bmm","bmm/1-analysis/research/bmad-technical-research/technical-steps/step-03-integration-patterns.md","005d517a2f962e2172e26b23d10d5e6684c7736c0d3982e27b2e72d905814ad9"
"md","step-03-starter","bmm","bmm/3-solutioning/bmad-create-architecture/steps/step-03-starter.md","b7727e0f37bc5325e15abad1c54bef716d617df423336090189efd1d307a0b3f"
"md","step-03-success","bmm","bmm/2-plan-workflows/bmad-create-prd/steps-c/step-03-success.md","3959db0848f9a4c99f80ac8d59855f9bb77f833475d3d5512e623d62b52b86dc"
"md","step-03-triage","bmm","bmm/4-implementation/bmad-code-review/steps/step-03-triage.md","91eaa27f6a167702ead00da9e93565c9bff79dce92c02eccbca61b1d1ed39a80"
"md","step-04-architectural-patterns","bmm","bmm/1-analysis/research/bmad-technical-research/technical-steps/step-04-architectural-patterns.md","4636f23e9c585a7a0c90437a660609d913f16362c3557fc2e71d408d6b9f46ce"
"md","step-04-customer-decisions","bmm","bmm/1-analysis/research/bmad-market-research/steps/step-04-customer-decisions.md","f0bc25f2179b7490e7a6704159a32fc9e83ab616022355ed53acfe8e2f7059d5"
"md","step-04-decisions","bmm","bmm/3-solutioning/bmad-create-architecture/steps/step-04-decisions.md","7fc0ebb63ab5ad0efc470f1063c15f14f52f5d855da2382fd17576cf060a8763"
"md","step-04-emotional-response","bmm","bmm/2-plan-workflows/bmad-create-ux-design/steps/step-04-emotional-response.md","75724811b170c8897e230a49e968e1db357fef3387008b0906b5ff79a43dbff9"
"md","step-04-final-validation","bmm","bmm/3-solutioning/bmad-create-epics-and-stories/steps/step-04-final-validation.md","6b83fcf177c24c6b43c2eb0df2efc1430cb0f357b3ab20ee8a5c5483c3fee079"
"md","step-04-journeys","bmm","bmm/2-plan-workflows/bmad-create-prd/steps-c/step-04-journeys.md","a9f2b74f06230916f66a1cf42437e4173061a157642c5eaf0d985d4078872526"
"md","step-04-present","bmm","bmm/4-implementation/bmad-code-review/steps/step-04-present.md","eee5687e9d7da9a0aeffd78180b8289fca804fc2d59896db5f65a8dd476e4869"
"md","step-04-regulatory-focus","bmm","bmm/1-analysis/research/bmad-domain-research/domain-steps/step-04-regulatory-focus.md","d22035529efe91993e698b4ebf297bf2e7593eb41d185a661c357a8afc08977b"
"md","step-04-review","bmm","bmm/4-implementation/bmad-quick-dev/step-04-review.md","e62a50a37ab20eb426f5abd44179dfac51548707b5e85e6fe7817c144cbe3dae"
"md","step-04-testing","bmm","bmm/4-implementation/bmad-checkpoint-preview/step-04-testing.md","28a56e868968ea2d18add0df8c4bccced0f94b698e218df3d45ddac072ce369c"
"md","step-04-ux-alignment","bmm","bmm/3-solutioning/bmad-check-implementation-readiness/steps/step-04-ux-alignment.md","f71e5f0d77615e885ae40fdee6b04c1dd6e472c871f87b515fe869cb5f6966fb"
"md","step-05-competitive-analysis","bmm","bmm/1-analysis/research/bmad-market-research/steps/step-05-competitive-analysis.md","17532051ad232cfc859f09ac3b44f9f4d542eb24cff8d07317126ccdff0d225a"
"md","step-05-domain","bmm","bmm/2-plan-workflows/bmad-create-prd/steps-c/step-05-domain.md","983617d33fe6b7e911f34cf6a2adb86be595952ab9a7c7308e7f6b3858b39a12"
"md","step-05-epic-quality-review","bmm","bmm/3-solutioning/bmad-check-implementation-readiness/steps/step-05-epic-quality-review.md","d8a84e57f4e3a321734b5b5d093458ceb1e338744f18954c5a204f5ce3576185"
"md","step-05-implementation-research","bmm","bmm/1-analysis/research/bmad-technical-research/technical-steps/step-05-implementation-research.md","e2b8a2c79bcebadc85f3823145980fa47d7e7be8d1c112f686c6223c8c138608"
"md","step-05-inspiration","bmm","bmm/2-plan-workflows/bmad-create-ux-design/steps/step-05-inspiration.md","b0cadcd4665c46d2e6e89bdb45ddfdd4e4aac47b901e59aa156b935878a2b124"
"md","step-05-patterns","bmm","bmm/3-solutioning/bmad-create-architecture/steps/step-05-patterns.md","3c80aba507aa46893ef43f07c5c321b985632ef57abc82d5ee93c3d9c2911134"
"md","step-05-present","bmm","bmm/4-implementation/bmad-quick-dev/step-05-present.md","ea49ce8703d4946ec54a59ff428d52ad64ab2649f49c43230bec1f3d09e85b55"
"md","step-05-technical-trends","bmm","bmm/1-analysis/research/bmad-domain-research/domain-steps/step-05-technical-trends.md","fd6c577010171679f630805eb76e09daf823c2b9770eb716986d01f351ce1fb4"
"md","step-05-wrapup","bmm","bmm/4-implementation/bmad-checkpoint-preview/step-05-wrapup.md","c2d4dbc17fed4f8ecbfcb09a2f9c77f0d4562bd27397270e2c27ba37cf4fe073"
"md","step-06-design-system","bmm","bmm/2-plan-workflows/bmad-create-ux-design/steps/step-06-design-system.md","1c71e452916c5b9ed000af4dd1b83954ae16887463c73776251e1e734e7d7641"
"md","step-06-final-assessment","bmm","bmm/3-solutioning/bmad-check-implementation-readiness/steps/step-06-final-assessment.md","1b9c8c2a21950f85e052e05309bfcb3bfe38157ba6fca402ccf37444e7f1cee3"
"md","step-06-innovation","bmm","bmm/2-plan-workflows/bmad-create-prd/steps-c/step-06-innovation.md","a0b3863e11f1dc91c73871967c26c3a2746a11c29a1cd23ee000df5b6b22f1b3"
"md","step-06-research-completion","bmm","bmm/1-analysis/research/bmad-market-research/steps/step-06-research-completion.md","4f5d3158a8462656d6959d29544ed5c92cb925641e2205e47af05c124fcd7666"
"md","step-06-research-synthesis","bmm","bmm/1-analysis/research/bmad-domain-research/domain-steps/step-06-research-synthesis.md","805f2cb7005a4fb0c4da52ea38d45de863f3e840e0f2de1456c414831cdbdf59"
"md","step-06-research-synthesis","bmm","bmm/1-analysis/research/bmad-technical-research/technical-steps/step-06-research-synthesis.md","64d9303ef0c9ce839dc3b2d72e94e3e5b4673e82dc7fc9f1571bd0b03b3a43a7"
"md","step-06-structure","bmm","bmm/3-solutioning/bmad-create-architecture/steps/step-06-structure.md","f8333ca290b62849c1e2eb2f770b46705b09fe0322217b699b13be047efdd03e"
"md","step-07-defining-experience","bmm","bmm/2-plan-workflows/bmad-create-ux-design/steps/step-07-defining-experience.md","17f78d679a187cfb703c2cd30eea84d9dd683f3708d24885421239338eea4edd"
"md","step-07-project-type","bmm","bmm/2-plan-workflows/bmad-create-prd/steps-c/step-07-project-type.md","ba60660354a1aa7dff8a03bfff79ace4589af13e3a2945ae78157a33abd12f17"
"md","step-07-validation","bmm","bmm/3-solutioning/bmad-create-architecture/steps/step-07-validation.md","dde4cd93a3015011da9a8a3237aafa2d15d0935205686231e58bf7064f81cc28"
"md","step-08-complete","bmm","bmm/3-solutioning/bmad-create-architecture/steps/step-08-complete.md","6466e5196be63e9e21b81d6fed45f1ff547d6ac739271201d6180febc857473d"
"md","step-08-scoping","bmm","bmm/2-plan-workflows/bmad-create-prd/steps-c/step-08-scoping.md","868accb05c998543ac01ae068c6316e408cbc4e450bf9cc10b16fe843956faa9"
"md","step-08-visual-foundation","bmm","bmm/2-plan-workflows/bmad-create-ux-design/steps/step-08-visual-foundation.md","985b4da65435114529056f33ff583ec4d1b29feb3550494ae741b6dbb89798a9"
"md","step-09-design-directions","bmm","bmm/2-plan-workflows/bmad-create-ux-design/steps/step-09-design-directions.md","07962c637e69a612a904efccf6188b7f08c9e484d4d7369c74cd0de7da0cb1e3"
"md","step-09-functional","bmm","bmm/2-plan-workflows/bmad-create-prd/steps-c/step-09-functional.md","4880a2f02fdc43964bd753c733c7800b9ccf6b1ccf194b2a8c3f09f1ad85843c"
"md","step-10-nonfunctional","bmm","bmm/2-plan-workflows/bmad-create-prd/steps-c/step-10-nonfunctional.md","afde3cd586227cec7863267518667605e9487025a9c0f3b7f220c66adbbc347c"
"md","step-10-user-journeys","bmm","bmm/2-plan-workflows/bmad-create-ux-design/steps/step-10-user-journeys.md","eabe15745e6b68df06833bca103c704d31094c8f070c84e35f1ee9b0c28d10bd"
"md","step-11-component-strategy","bmm","bmm/2-plan-workflows/bmad-create-ux-design/steps/step-11-component-strategy.md","52a1d0230160124496467ddbe26dd9cc4ae7d9afceaea987aad658e1bb195f59"
"md","step-11-polish","bmm","bmm/2-plan-workflows/bmad-create-prd/steps-c/step-11-polish.md","4271ae5026e30d807f1272b91161d57567badf0bd89e760ea067636d13f12223"
"md","step-12-complete","bmm","bmm/2-plan-workflows/bmad-create-prd/steps-c/step-12-complete.md","bb9471a4b14729785572480b1e0d9e57ab5a4580a04575aea1b1ea1e22971458"
"md","step-12-ux-patterns","bmm","bmm/2-plan-workflows/bmad-create-ux-design/steps/step-12-ux-patterns.md","37215fe8ea33247e9a31b5f8b8fe3b36448d7f743c18803e4d5054c201348be8"
"md","step-13-responsive-accessibility","bmm","bmm/2-plan-workflows/bmad-create-ux-design/steps/step-13-responsive-accessibility.md","cd4d4e2a307b4cbc805c6954860c93c14a11b74b1e206c45ff89f8b81ab03a62"
"md","step-14-complete","bmm","bmm/2-plan-workflows/bmad-create-ux-design/steps/step-14-complete.md","47880f82ada9f2edff8be144328f86fb683fd78aba64ec0ea9dfbff71732be00"
"md","step-e-01-discovery","bmm","bmm/2-plan-workflows/bmad-edit-prd/steps-e/step-e-01-discovery.md","5f733ce1dc3663fbbb1fe661471dc1fcb5a9c02621c1f5599bba5850dfe3b7a3"
"md","step-e-01b-legacy-conversion","bmm","bmm/2-plan-workflows/bmad-edit-prd/steps-e/step-e-01b-legacy-conversion.md","62bf07f0da57c4f87440b5db95928239527542b39be2ff806e85dfca8a0f7e40"
"md","step-e-02-review","bmm","bmm/2-plan-workflows/bmad-edit-prd/steps-e/step-e-02-review.md","e6a2025055840d5625fc2eec71209da1d63d6bf530c305d353b1d4500202d8bd"
"md","step-e-03-edit","bmm","bmm/2-plan-workflows/bmad-edit-prd/steps-e/step-e-03-edit.md","38d70a13738c87da364ca7dc5ef9270f84e3c24d5204cdad969e0269f1d55994"
"md","step-e-04-complete","bmm","bmm/2-plan-workflows/bmad-edit-prd/steps-e/step-e-04-complete.md","9689a795db6e55dd9b946f21b2c4e6a83004693938d9de833334ed76508ddb61"
"md","step-oneshot","bmm","bmm/4-implementation/bmad-quick-dev/step-oneshot.md","d68648848bb8277f5b762c3528c2aa42122268037b97d252a8f4faf4edb2830e"
"md","step-v-01-discovery","bmm","bmm/2-plan-workflows/bmad-validate-prd/steps-v/step-v-01-discovery.md","65c4686abf818f35eeeff7cf7d31646b9693f3b8aaaa04eac7c97e9be0572a57"
"md","step-v-02-format-detection","bmm","bmm/2-plan-workflows/bmad-validate-prd/steps-v/step-v-02-format-detection.md","c27ea549b1414a9a013c6e334daf278bc26e7101879fd5832eb57ed275daeb0d"
"md","step-v-02b-parity-check","bmm","bmm/2-plan-workflows/bmad-validate-prd/steps-v/step-v-02b-parity-check.md","5216fea52f9bbcb76a8ea9b9e80c98c51c529342e448dcf75c449ffa6fbaa45f"
"md","step-v-03-density-validation","bmm","bmm/2-plan-workflows/bmad-validate-prd/steps-v/step-v-03-density-validation.md","1eed2b7eea8745edefbee124e9c9aff1e75a1176b8ba3bad42cfcf9b7c2f2a1c"
"md","step-v-04-brief-coverage-validation","bmm","bmm/2-plan-workflows/bmad-validate-prd/steps-v/step-v-04-brief-coverage-validation.md","7b870fea072193271c9dc80966b0777cbc892a85912a273ba184f2d19fc68c47"
"md","step-v-05-measurability-validation","bmm","bmm/2-plan-workflows/bmad-validate-prd/steps-v/step-v-05-measurability-validation.md","06a8762b225e7d77f9c1b9f5be8783bcced29623f3a3bc8dbf7ea109b531c0ae"
"md","step-v-06-traceability-validation","bmm","bmm/2-plan-workflows/bmad-validate-prd/steps-v/step-v-06-traceability-validation.md","58b89788683540c3122f886ca7a6191866a3abb2851bd505faa3fc9ab46a73c4"
"md","step-v-07-implementation-leakage-validation","bmm","bmm/2-plan-workflows/bmad-validate-prd/steps-v/step-v-07-implementation-leakage-validation.md","aeab46b20c6aafc4b1d369c65ccf02a1fc5f7de60cbffddf7719e2899de6fe28"
"md","step-v-08-domain-compliance-validation","bmm","bmm/2-plan-workflows/bmad-validate-prd/steps-v/step-v-08-domain-compliance-validation.md","1be1de3adc40ded63e3662a75532fa1b13c28596b3b49204fbda310f6fa5f0da"
"md","step-v-09-project-type-validation","bmm","bmm/2-plan-workflows/bmad-validate-prd/steps-v/step-v-09-project-type-validation.md","fffbf78461186456a5ca72b2b9811cb391476c1d1af0301ff71b8f73198c88d1"
"md","step-v-10-smart-validation","bmm","bmm/2-plan-workflows/bmad-validate-prd/steps-v/step-v-10-smart-validation.md","81bf3fbe84054b51cb36b673a3877c65c9b790acd502a9a8a01f76899f5f4f4c"
"md","step-v-11-holistic-quality-validation","bmm","bmm/2-plan-workflows/bmad-validate-prd/steps-v/step-v-11-holistic-quality-validation.md","4be7756dce12a6c7c5de6a551716d9e3b1df1f5d9d87fc28efb95fe6960cd3ce"
"md","step-v-12-completeness-validation","bmm","bmm/2-plan-workflows/bmad-validate-prd/steps-v/step-v-12-completeness-validation.md","20371cf379d396292dd63ad721fe48258853048e10cd9ecb8998791194fe4236"
"md","step-v-13-report-complete","bmm","bmm/2-plan-workflows/bmad-validate-prd/steps-v/step-v-13-report-complete.md","67458c55a321c0d2857371a7588fbd387497570cd1b7c53f5a0cf558e1cdc325"
"md","sync-sprint-status","bmm","bmm/4-implementation/bmad-quick-dev/sync-sprint-status.md","c0f2fdb940984206a4b7aa2467fbcb7c4811f648634e43a488593974e9efff5e"
"md","template","bmm","bmm/4-implementation/bmad-create-story/template.md","29ba697368d77e88e88d0e7ac78caf7a78785a7dcfc291082aa96a62948afb67"
"md","ux-design-template","bmm","bmm/2-plan-workflows/bmad-create-ux-design/ux-design-template.md","ffa4b89376cd9db6faab682710b7ce755990b1197a8b3e16b17748656d1fca6a"
"md","validate-doc","bmm","bmm/1-analysis/bmad-agent-tech-writer/validate-doc.md","3b8d25f60be191716266726393f2d44b77262301b785a801631083b610d6acc5"
"md","verdict","bmm","bmm/1-analysis/bmad-prfaq/references/verdict.md","1a1cbc34090114d3a2b928456edec1563b73d84fea66c58e98780bf680f172ec"
"md","web-researcher","bmm","bmm/1-analysis/bmad-prfaq/agents/web-researcher.md","6e9127bb9bd3e4b15c701e4ced9eef328769262cd34eadc221bebe954c1f3aef"
"md","web-researcher","bmm","bmm/1-analysis/bmad-product-brief/agents/web-researcher.md","66aadb087f9bb3e7d05787c8f30237247ad3b90f241d342838e4ca95ed0d0260"
"md","write-document","bmm","bmm/1-analysis/bmad-agent-tech-writer/write-document.md","c0ddfd981f765b82cba0921dad331cd1fa32bacdeea1f02320edfd60a0ae7e6f"
"toml","customize","bmm","bmm/1-analysis/bmad-agent-analyst/customize.toml","7191f4a60ada7dbabe083699b2461f35778af7688924dc6ce05911cf1ffc9054"
"toml","customize","bmm","bmm/1-analysis/bmad-agent-tech-writer/customize.toml","bb828f2d26a136870099226f07c61297ce88ddd335823b7549592932bbe14a2e"
"toml","customize","bmm","bmm/1-analysis/bmad-document-project/customize.toml","3bbb5044fafdd865a5fe0863df116a479f30de7fb95c9cf4213f0b87ba1ba924"
"toml","customize","bmm","bmm/1-analysis/bmad-prfaq/customize.toml","8994f925bab65bd310e5ab38781286b6137f3e0c9e89f3ab8a2f480eb05e0de5"
"toml","customize","bmm","bmm/1-analysis/bmad-product-brief/customize.toml","0f10970bf0381458a6e3d2974958e5e52d7873beae61bf6c104303d37cff87f1"
"toml","customize","bmm","bmm/1-analysis/research/bmad-domain-research/customize.toml","462ef14dc1e1f6d145fdfe25e315168fd1fa278ea5f87fe0fa86689234daec2f"
"toml","customize","bmm","bmm/1-analysis/research/bmad-market-research/customize.toml","f47af9158893dd3f7ab81ac03cb07d8c76342eead61ec7c9a8a463066b7db9af"
"toml","customize","bmm","bmm/1-analysis/research/bmad-technical-research/customize.toml","7f567fddb04674f817398addbc06e6d1620883d89dcc7ac643c5a56eef5ac337"
"toml","customize","bmm","bmm/2-plan-workflows/bmad-agent-pm/customize.toml","c7c30e182fbff5e1cc4d329a99b0bf1188463d25d61b843847818c5bef0d4753"
"toml","customize","bmm","bmm/2-plan-workflows/bmad-agent-ux-designer/customize.toml","0d36c8ce31fe332770b2755a7e952dc102f184fb3275448bf6ac2ebc783ed03b"
"toml","customize","bmm","bmm/2-plan-workflows/bmad-create-prd/customize.toml","0c990af4c0a755402abbef893850bd542744a8b6f36c0587c9f3fb6dab6bf5e7"
"toml","customize","bmm","bmm/2-plan-workflows/bmad-create-ux-design/customize.toml","e51d02120e5e79788b183f1fb377f823f7626bac7702a6aa4dc6ddd0a3b00000"
"toml","customize","bmm","bmm/2-plan-workflows/bmad-edit-prd/customize.toml","35cc2dfb3eda73a0ae4dc987cac58867b25c43ce5c5a1bf552e215826ede6c22"
"toml","customize","bmm","bmm/2-plan-workflows/bmad-validate-prd/customize.toml","bfb3c8af5b81b2cdb9bb84f844f1b0dafc40d8c283effa6ad48db966b9446cef"
"toml","customize","bmm","bmm/3-solutioning/bmad-agent-architect/customize.toml","32e8074896a569ce59e4db62ab3b4af396798b8fa50c67449a5d90c2a7a7e074"
"toml","customize","bmm","bmm/3-solutioning/bmad-check-implementation-readiness/customize.toml","571d81087b7a6d914cf7c2f21aa26354eac385bb2f5cfeabc591892cbb98d036"
"toml","customize","bmm","bmm/3-solutioning/bmad-create-architecture/customize.toml","618be49b0286f18dfb4b6bac3d96bf1cf062994fa5278cd327be9898e651b43c"
"toml","customize","bmm","bmm/3-solutioning/bmad-create-epics-and-stories/customize.toml","da9e43605bc6aec83173050b5d37ede6aebfa9a17c5959a5029681d73e744ba3"
"toml","customize","bmm","bmm/3-solutioning/bmad-generate-project-context/customize.toml","00b6e893b93a1be7c04408f1824dad72c2c43ee02ba29210725e34394bf8225e"
"toml","customize","bmm","bmm/4-implementation/bmad-agent-dev/customize.toml","01a45ac2420f920cfc934de7b1a884b04017c85641085c93d9aada45d2dccf17"
"toml","customize","bmm","bmm/4-implementation/bmad-checkpoint-preview/customize.toml","1a1e0c3a8914adda3cec925eed51287e067c7f84120de64a8df53348e7b77de5"
"toml","customize","bmm","bmm/4-implementation/bmad-code-review/customize.toml","94ad662fdf3fda372c6e24b2cbda629d0b2aa851097d02afb5905c768b1a1cde"
"toml","customize","bmm","bmm/4-implementation/bmad-correct-course/customize.toml","78095d25afb5b2d4844956f61e9ac640a62d0245174fab9406e9c289f33fd84b"
"toml","customize","bmm","bmm/4-implementation/bmad-create-story/customize.toml","1204f6de064436922f2813069778eb4eaa5f1f945aa8ea5a5ffb87897a2ba8fe"
"toml","customize","bmm","bmm/4-implementation/bmad-dev-story/customize.toml","592fa7948c4614609a59b152518f518d35e0178d6aa7c22e169d78157fd9f5aa"
"toml","customize","bmm","bmm/4-implementation/bmad-qa-generate-e2e-tests/customize.toml","04a99926b2d79318b927434c7344dc666f143026ed99c7fcc0d6e3d68263ae66"
"toml","customize","bmm","bmm/4-implementation/bmad-quick-dev/customize.toml","5ba463713de51762eb381be787cbd657932333b808be370d851fc3e40f139e2f"
"toml","customize","bmm","bmm/4-implementation/bmad-retrospective/customize.toml","0b032c342129732820ca2db386d2d5e26d033d8ac296388fc9f2e78765fab9fb"
"toml","customize","bmm","bmm/4-implementation/bmad-sprint-planning/customize.toml","f7bde2f792e8604f26122ee792c5493e270710296044b07680db7d90e886caf3"
"toml","customize","bmm","bmm/4-implementation/bmad-sprint-status/customize.toml","96261fd227befaa4685b0a5091d3e85299d4ae8e4404176b42f5ef2e2fb501bd"
"yaml","config","bmm","bmm/config.yaml","26bb23d4d672aa4a3fac6f59a97d1ec2115e8cb2a932c098613bc2f1b3ec43b7"
"yaml","sprint-status-template","bmm","bmm/4-implementation/bmad-sprint-planning/sprint-status-template.yaml","deeec135d875b107618dd41278349689b5f3dcb5894d7509909417a570f46fd9"
"toml","config","config.toml","config.toml","1ffd171e88fe84e6097e8335ed2205a71215cae7f837a5704c17d5814fb0eb77"
"toml","config.user","config.user.toml","config.user.toml","d5325e4ba182371e4e37bcd6eaa7c8a75167ef1d981074230600dce72952f152"
"csv","brain-methods","core","core/bmad-brainstorming/brain-methods.csv","0ab5878b1dbc9e3fa98cb72abfc3920a586b9e2b42609211bb0516eefd542039"
"csv","methods","core","core/bmad-advanced-elicitation/methods.csv","e08b2e22fec700274982e37be608d6c3d1d4d0c04fa0bae05aa9dba2454e6141"
"csv","module-help","core","core/module-help.csv","d35985e6a4a5dc726d3f1f5d0d0fb94d9bd273688e3f6eebb1a1a9f21db846f0"
"md","compression-rules","core","core/bmad-distillator/resources/compression-rules.md","86e53d6a2072b379864766681d1cc4e1aad3d4428ecca8c46010f7364da32724"
"md","distillate-compressor","core","core/bmad-distillator/agents/distillate-compressor.md","c00da33b39a43207a224c4043d1aa4158e90e41ab421fff0ea7cc55beec81ef8"
"md","distillate-format-reference","core","core/bmad-distillator/resources/distillate-format-reference.md","616488300d40c6de2f0a69ee153258ed4664e9763048f3993db8efd2adca1706"
"md","round-trip-reconstructor","core","core/bmad-distillator/agents/round-trip-reconstructor.md","47c83f4a37249ddac38460d8c95d162f6fc175a8919888e8090aed71bd9383bc"
"md","SKILL","core","core/bmad-advanced-elicitation/SKILL.md","705cc827cab892855d07dcc926f5c9f749c3abab33e915d6ac1574aec174896b"
"md","SKILL","core","core/bmad-brainstorming/SKILL.md","f4a2c22b40ed34cdbd3282dd6161a3b869902f3bc75b58e181fc9faf78eedd9d"
"md","SKILL","core","core/bmad-customize/SKILL.md","7617ef46b179e2b9aec7e7176933fd65dcba8fd0ca188ea8beb8cee1dedf449c"
"md","SKILL","core","core/bmad-distillator/SKILL.md","756ee0706ff6b8a3d5726b465e81ba244e4eaeba21b7de0d2390473acebb5ddc"
"md","SKILL","core","core/bmad-editorial-review-prose/SKILL.md","b3687fe80567378627bc2a0c5034ae8d65dfeedcf2b6c90da077f4feca462d0c"
"md","SKILL","core","core/bmad-editorial-review-structure/SKILL.md","164444359d74f695a84faf7ea558d0eef39c75561e6b26669f97a165c6f75538"
"md","SKILL","core","core/bmad-help/SKILL.md","cd7096b2ff55b2b87e12d6b9c4c9ea13dfca78c49299a09327c97107f9531da8"
"md","SKILL","core","core/bmad-index-docs/SKILL.md","a855d7060414e73ca4fe8e1a3e1cc4d0f2ce394846e52340bdf5a1317e0d234a"
"md","SKILL","core","core/bmad-party-mode/SKILL.md","bd13fd6cb0b0c61d215e4c394cf4b7cac3a465394c3918f4dc14910513ddb898"
"md","SKILL","core","core/bmad-review-adversarial-general/SKILL.md","7bffc39e6dba4d9123648c5d4d79e17c3c5b1efbd927c3fe0026c2dbb8d99cff"
"md","SKILL","core","core/bmad-review-edge-case-hunter/SKILL.md","f49ed9976f46b4cefa1fc8b4f0a495f16089905e6a7bbf4ce73b8f05c9ae3ee6"
"md","SKILL","core","core/bmad-shard-doc/SKILL.md","3a1538536514725fd4f31aded280ee56b9645fc61d114fd94aacb3ac52304e52"
"md","splitting-strategy","core","core/bmad-distillator/resources/splitting-strategy.md","26d3ed05f912cf99ff9ebe2353f2d84d70e3e852e23a32b1215c13416ad708b5"
"md","step-01-session-setup","core","core/bmad-brainstorming/steps/step-01-session-setup.md","7fd2aed9527ccdf35fc86bd4c9b27b4a530b5cfdfb90ae2b7385d3185bcd60bc"
"md","step-01b-continue","core","core/bmad-brainstorming/steps/step-01b-continue.md","49f8d78290291f974432bc8e8fce340de58ed62aa946e9e3182858bf63829920"
"md","step-02a-user-selected","core","core/bmad-brainstorming/steps/step-02a-user-selected.md","7ff3bca27286d17902ecea890494599796633e24a25ea6b31bbd6c3d2e54eba2"
"md","step-02b-ai-recommended","core","core/bmad-brainstorming/steps/step-02b-ai-recommended.md","cb77b810e0c98e080b4378999f0e250bacba4fb74c1bcb0a144cffe9989d2cbd"
"md","step-02c-random-selection","core","core/bmad-brainstorming/steps/step-02c-random-selection.md","91c6e16213911a231a41b1a55be7c939e7bbcd1463bd49cb03b5b669a90c0868"
"md","step-02d-progressive-flow","core","core/bmad-brainstorming/steps/step-02d-progressive-flow.md","6b6fbbd34bcf334d79f09e8c36ed3c9d55ddd3ebb8f8f77aa892643d1a4e3436"
"md","step-03-technique-execution","core","core/bmad-brainstorming/steps/step-03-technique-execution.md","b97afefd4ccc5234e554a3dfc5555337269ce171e730b250c756718235e9df60"
"md","step-04-idea-organization","core","core/bmad-brainstorming/steps/step-04-idea-organization.md","acb7eb6a54161213bb916cabf7d0d5084316704e792a880968fc340855cdcbbb"
"md","template","core","core/bmad-brainstorming/template.md","5c99d76963eb5fc21db96c5a68f39711dca7c6ed30e4f7d22aedee9e8bb964f9"
"md","workflow","core","core/bmad-brainstorming/workflow.md","74c87846a5cda7a4534ea592ea3125a8d8a1a88d19c94f5f4481fb28d0d16bf2"
"py","analyze_sources","core","core/bmad-distillator/scripts/analyze_sources.py","31e2a8441c3c43c2536739c580cdef6abecb18ff20e7447f42dd868875783166"
"py","list_customizable_skills","core","core/bmad-customize/scripts/list_customizable_skills.py","8787f542930b927789e7fdf12bc5a67ff08e19865903a5ad05ff2cc8fc426b66"
"py","test_analyze_sources","core","core/bmad-distillator/scripts/tests/test_analyze_sources.py","d90525311f8010aaf8d7d9212a370468a697866190bae78c35d0aae9b7f23fdf"
"py","test_list_customizable_skills","core","core/bmad-customize/scripts/tests/test_list_customizable_skills.py","b55fc2e454f245753874f359c18ade9f3ad04debd66176c6e6bf3e403ca9c812"
"yaml","config","core","core/config.yaml","30b3ca82f913f1f4ed86ef6656a897de5489c8f4c93d6b89f2b1af8749698271"
"py","resolve_config","scripts","scripts/resolve_config.py","8e326149d9170477ecc21aa2aa2389d8fbaa5d1cd95db2de2ad33029ce8ae528"
"py","resolve_customization","scripts","scripts/resolve_customization.py","6dbf36a2fea13392426fdbaf4f074b6d9b93488a964d2d1bff2a5c1c3a1d506e"
"cjs","tea-enforce","tea","tea/workflows/testarch/bmad-testarch-framework/resources/hooks/tea-enforce.cjs","e94cc2dd8d4b64105860b5c75e2bbe48ac3ad6a41fc459bfcb132a0ce08f594d"
"csv","module-help","tea","tea/module-help.csv","7014131eba852fd2017e0f55199abce0b450635738bc4359b41578c92cdda63f"
"csv","tea-index","tea","tea/agents/bmad-tea/resources/tea-index.csv","5fb1e2bbe2c7053135a6281b3535a14b71ac5ba159f763f45f8dc3f0564c2932"
"csv","tea-index","tea","tea/workflows/testarch/bmad-testarch-atdd/resources/tea-index.csv","5fb1e2bbe2c7053135a6281b3535a14b71ac5ba159f763f45f8dc3f0564c2932"
"csv","tea-index","tea","tea/workflows/testarch/bmad-testarch-automate/resources/tea-index.csv","5fb1e2bbe2c7053135a6281b3535a14b71ac5ba159f763f45f8dc3f0564c2932"
"csv","tea-index","tea","tea/workflows/testarch/bmad-testarch-ci/resources/tea-index.csv","5fb1e2bbe2c7053135a6281b3535a14b71ac5ba159f763f45f8dc3f0564c2932"
"csv","tea-index","tea","tea/workflows/testarch/bmad-testarch-framework/resources/tea-index.csv","5fb1e2bbe2c7053135a6281b3535a14b71ac5ba159f763f45f8dc3f0564c2932"
"csv","tea-index","tea","tea/workflows/testarch/bmad-testarch-nfr/resources/tea-index.csv","5fb1e2bbe2c7053135a6281b3535a14b71ac5ba159f763f45f8dc3f0564c2932"
"csv","tea-index","tea","tea/workflows/testarch/bmad-testarch-test-design/resources/tea-index.csv","5fb1e2bbe2c7053135a6281b3535a14b71ac5ba159f763f45f8dc3f0564c2932"
"csv","tea-index","tea","tea/workflows/testarch/bmad-testarch-test-review/resources/tea-index.csv","5fb1e2bbe2c7053135a6281b3535a14b71ac5ba159f763f45f8dc3f0564c2932"
"csv","tea-index","tea","tea/workflows/testarch/bmad-testarch-trace/resources/tea-index.csv","5fb1e2bbe2c7053135a6281b3535a14b71ac5ba159f763f45f8dc3f0564c2932"
"groovy","jenkins-pipeline-template","tea","tea/workflows/testarch/bmad-testarch-ci/jenkins-pipeline-template.groovy","f2b75c5ba3eda7537044909830ca674d794eaa929bcd032fcc2c523709b9bb77"
"json","live-verification-results.example","tea","tea/workflows/testarch/bmad-testarch-trace/resources/live-verification-results.example.json","4e26edafd39607ffce44eb45361b2f7516f4fad67ffcfd810bc00e04e3ccc017"
"md","adr-quality-readiness-checklist","tea","tea/agents/bmad-tea/resources/knowledge/adr-quality-readiness-checklist.md","a8129b16c3b2afbc1f58fe5edc73dc8f1291c172c6ca009d92f1947bef1a237e"
"md","adr-quality-readiness-checklist","tea","tea/workflows/testarch/bmad-testarch-atdd/resources/knowledge/adr-quality-readiness-checklist.md","a8129b16c3b2afbc1f58fe5edc73dc8f1291c172c6ca009d92f1947bef1a237e"
"md","adr-quality-readiness-checklist","tea","tea/workflows/testarch/bmad-testarch-automate/resources/knowledge/adr-quality-readiness-checklist.md","a8129b16c3b2afbc1f58fe5edc73dc8f1291c172c6ca009d92f1947bef1a237e"
"md","adr-quality-readiness-checklist","tea","tea/workflows/testarch/bmad-testarch-ci/resources/knowledge/adr-quality-readiness-checklist.md","a8129b16c3b2afbc1f58fe5edc73dc8f1291c172c6ca009d92f1947bef1a237e"
"md","adr-quality-readiness-checklist","tea","tea/workflows/testarch/bmad-testarch-framework/resources/knowledge/adr-quality-readiness-checklist.md","a8129b16c3b2afbc1f58fe5edc73dc8f1291c172c6ca009d92f1947bef1a237e"
"md","adr-quality-readiness-checklist","tea","tea/workflows/testarch/bmad-testarch-nfr/resources/knowledge/adr-quality-readiness-checklist.md","a8129b16c3b2afbc1f58fe5edc73dc8f1291c172c6ca009d92f1947bef1a237e"
"md","adr-quality-readiness-checklist","tea","tea/workflows/testarch/bmad-testarch-test-design/resources/knowledge/adr-quality-readiness-checklist.md","a8129b16c3b2afbc1f58fe5edc73dc8f1291c172c6ca009d92f1947bef1a237e"
"md","adr-quality-readiness-checklist","tea","tea/workflows/testarch/bmad-testarch-test-review/resources/knowledge/adr-quality-readiness-checklist.md","a8129b16c3b2afbc1f58fe5edc73dc8f1291c172c6ca009d92f1947bef1a237e"
"md","adr-quality-readiness-checklist","tea","tea/workflows/testarch/bmad-testarch-trace/resources/knowledge/adr-quality-readiness-checklist.md","a8129b16c3b2afbc1f58fe5edc73dc8f1291c172c6ca009d92f1947bef1a237e"
"md","api-request","tea","tea/agents/bmad-tea/resources/knowledge/api-request.md","28ef34b911b6d9cde3cb06367ecb6686f893236ed8f67975eaf6737f44f6e698"
"md","api-request","tea","tea/workflows/testarch/bmad-testarch-atdd/resources/knowledge/api-request.md","28ef34b911b6d9cde3cb06367ecb6686f893236ed8f67975eaf6737f44f6e698"
"md","api-request","tea","tea/workflows/testarch/bmad-testarch-automate/resources/knowledge/api-request.md","28ef34b911b6d9cde3cb06367ecb6686f893236ed8f67975eaf6737f44f6e698"
"md","api-request","tea","tea/workflows/testarch/bmad-testarch-ci/resources/knowledge/api-request.md","28ef34b911b6d9cde3cb06367ecb6686f893236ed8f67975eaf6737f44f6e698"
"md","api-request","tea","tea/workflows/testarch/bmad-testarch-framework/resources/knowledge/api-request.md","28ef34b911b6d9cde3cb06367ecb6686f893236ed8f67975eaf6737f44f6e698"
"md","api-request","tea","tea/workflows/testarch/bmad-testarch-nfr/resources/knowledge/api-request.md","28ef34b911b6d9cde3cb06367ecb6686f893236ed8f67975eaf6737f44f6e698"
"md","api-request","tea","tea/workflows/testarch/bmad-testarch-test-design/resources/knowledge/api-request.md","28ef34b911b6d9cde3cb06367ecb6686f893236ed8f67975eaf6737f44f6e698"
"md","api-request","tea","tea/workflows/testarch/bmad-testarch-test-review/resources/knowledge/api-request.md","28ef34b911b6d9cde3cb06367ecb6686f893236ed8f67975eaf6737f44f6e698"
"md","api-request","tea","tea/workflows/testarch/bmad-testarch-trace/resources/knowledge/api-request.md","28ef34b911b6d9cde3cb06367ecb6686f893236ed8f67975eaf6737f44f6e698"
"md","api-testing-patterns","tea","tea/agents/bmad-tea/resources/knowledge/api-testing-patterns.md","5753ac9095991fec29f51f78a4152d7a39b6ba8a80f36f13413a50ef1c19c16d"
"md","api-testing-patterns","tea","tea/workflows/testarch/bmad-testarch-atdd/resources/knowledge/api-testing-patterns.md","5753ac9095991fec29f51f78a4152d7a39b6ba8a80f36f13413a50ef1c19c16d"
"md","api-testing-patterns","tea","tea/workflows/testarch/bmad-testarch-automate/resources/knowledge/api-testing-patterns.md","5753ac9095991fec29f51f78a4152d7a39b6ba8a80f36f13413a50ef1c19c16d"
"md","api-testing-patterns","tea","tea/workflows/testarch/bmad-testarch-ci/resources/knowledge/api-testing-patterns.md","5753ac9095991fec29f51f78a4152d7a39b6ba8a80f36f13413a50ef1c19c16d"
"md","api-testing-patterns","tea","tea/workflows/testarch/bmad-testarch-framework/resources/knowledge/api-testing-patterns.md","5753ac9095991fec29f51f78a4152d7a39b6ba8a80f36f13413a50ef1c19c16d"
"md","api-testing-patterns","tea","tea/workflows/testarch/bmad-testarch-nfr/resources/knowledge/api-testing-patterns.md","5753ac9095991fec29f51f78a4152d7a39b6ba8a80f36f13413a50ef1c19c16d"
"md","api-testing-patterns","tea","tea/workflows/testarch/bmad-testarch-test-design/resources/knowledge/api-testing-patterns.md","5753ac9095991fec29f51f78a4152d7a39b6ba8a80f36f13413a50ef1c19c16d"
"md","api-testing-patterns","tea","tea/workflows/testarch/bmad-testarch-test-review/resources/knowledge/api-testing-patterns.md","5753ac9095991fec29f51f78a4152d7a39b6ba8a80f36f13413a50ef1c19c16d"
"md","api-testing-patterns","tea","tea/workflows/testarch/bmad-testarch-trace/resources/knowledge/api-testing-patterns.md","5753ac9095991fec29f51f78a4152d7a39b6ba8a80f36f13413a50ef1c19c16d"
"md","atdd-checklist-2-4-guest-checkout.example","tea","tea/workflows/testarch/bmad-testarch-atdd/resources/atdd-checklist-2-4-guest-checkout.example.md","18ccf32a86c2a26f400b7d42547f01fab4e31f9e1532cad9652bb7ace2b4d209"
"md","atdd-checklist-template","tea","tea/workflows/testarch/bmad-testarch-atdd/atdd-checklist-template.md","a036cca67c241483c627f69d0704fac6ec7e7799b88abf3e90b7d5a4054cb9bf"
"md","auth-session","tea","tea/agents/bmad-tea/resources/knowledge/auth-session.md","3b2ba3cdd58cf3decb3d427623ed43e070ff926b1c45abc0e7d0823ea3b85b1f"
"md","auth-session","tea","tea/workflows/testarch/bmad-testarch-atdd/resources/knowledge/auth-session.md","3b2ba3cdd58cf3decb3d427623ed43e070ff926b1c45abc0e7d0823ea3b85b1f"
"md","auth-session","tea","tea/workflows/testarch/bmad-testarch-automate/resources/knowledge/auth-session.md","3b2ba3cdd58cf3decb3d427623ed43e070ff926b1c45abc0e7d0823ea3b85b1f"
"md","auth-session","tea","tea/workflows/testarch/bmad-testarch-ci/resources/knowledge/auth-session.md","3b2ba3cdd58cf3decb3d427623ed43e070ff926b1c45abc0e7d0823ea3b85b1f"
"md","auth-session","tea","tea/workflows/testarch/bmad-testarch-framework/resources/knowledge/auth-session.md","3b2ba3cdd58cf3decb3d427623ed43e070ff926b1c45abc0e7d0823ea3b85b1f"
"md","auth-session","tea","tea/workflows/testarch/bmad-testarch-nfr/resources/knowledge/auth-session.md","3b2ba3cdd58cf3decb3d427623ed43e070ff926b1c45abc0e7d0823ea3b85b1f"
"md","auth-session","tea","tea/workflows/testarch/bmad-testarch-test-design/resources/knowledge/auth-session.md","3b2ba3cdd58cf3decb3d427623ed43e070ff926b1c45abc0e7d0823ea3b85b1f"
"md","auth-session","tea","tea/workflows/testarch/bmad-testarch-test-review/resources/knowledge/auth-session.md","3b2ba3cdd58cf3decb3d427623ed43e070ff926b1c45abc0e7d0823ea3b85b1f"
"md","auth-session","tea","tea/workflows/testarch/bmad-testarch-trace/resources/knowledge/auth-session.md","3b2ba3cdd58cf3decb3d427623ed43e070ff926b1c45abc0e7d0823ea3b85b1f"
"md","automation-summary.example","tea","tea/workflows/testarch/bmad-testarch-automate/resources/automation-summary.example.md","c0b7a5117beeed570adc108be8ebdb59ede11a201616e10512f5ea3c9cc50216"
"md","burn-in","tea","tea/agents/bmad-tea/resources/knowledge/burn-in.md","6ad6b4fb23c9de2085c40e45defc782511b31ba7a0b85fdd6046265048ad17b2"
"md","burn-in","tea","tea/workflows/testarch/bmad-testarch-atdd/resources/knowledge/burn-in.md","6ad6b4fb23c9de2085c40e45defc782511b31ba7a0b85fdd6046265048ad17b2"
"md","burn-in","tea","tea/workflows/testarch/bmad-testarch-automate/resources/knowledge/burn-in.md","6ad6b4fb23c9de2085c40e45defc782511b31ba7a0b85fdd6046265048ad17b2"
"md","burn-in","tea","tea/workflows/testarch/bmad-testarch-ci/resources/knowledge/burn-in.md","6ad6b4fb23c9de2085c40e45defc782511b31ba7a0b85fdd6046265048ad17b2"
"md","burn-in","tea","tea/workflows/testarch/bmad-testarch-framework/resources/knowledge/burn-in.md","6ad6b4fb23c9de2085c40e45defc782511b31ba7a0b85fdd6046265048ad17b2"
"md","burn-in","tea","tea/workflows/testarch/bmad-testarch-nfr/resources/knowledge/burn-in.md","6ad6b4fb23c9de2085c40e45defc782511b31ba7a0b85fdd6046265048ad17b2"
"md","burn-in","tea","tea/workflows/testarch/bmad-testarch-test-design/resources/knowledge/burn-in.md","6ad6b4fb23c9de2085c40e45defc782511b31ba7a0b85fdd6046265048ad17b2"
"md","burn-in","tea","tea/workflows/testarch/bmad-testarch-test-review/resources/knowledge/burn-in.md","6ad6b4fb23c9de2085c40e45defc782511b31ba7a0b85fdd6046265048ad17b2"
"md","burn-in","tea","tea/workflows/testarch/bmad-testarch-trace/resources/knowledge/burn-in.md","6ad6b4fb23c9de2085c40e45defc782511b31ba7a0b85fdd6046265048ad17b2"
"md","checklist","tea","tea/workflows/testarch/bmad-teach-me-testing/checklist.md","43bcd41178249213f634f1963e91949174aec7e7e2d9ce251685c4cd8b7f79b1"
"md","checklist","tea","tea/workflows/testarch/bmad-testarch-atdd/checklist.md","8fed91c96b88b9073c5194af847120bc3b062db25e0df5608487703e5fe46797"
"md","checklist","tea","tea/workflows/testarch/bmad-testarch-automate/checklist.md","7d2ff94c027986b274d9ebf02b0606bcbb527937e2bfda7cbd944ff1db5d9d2b"
"md","checklist","tea","tea/workflows/testarch/bmad-testarch-ci/checklist.md","a8b45cb926b53b6e16419db396c6f4c21aafb9a4022698971bcbd8622e805037"
"md","checklist","tea","tea/workflows/testarch/bmad-testarch-framework/checklist.md","f70b1c9492bacf362a103174f155115c1feb61a7afc6fb936e266f09fbad04a8"
"md","checklist","tea","tea/workflows/testarch/bmad-testarch-nfr/checklist.md","18c657bae0299f9c9c2de24a97709f4aeff83028456359b6ee3b84edcc0e218a"
"md","checklist","tea","tea/workflows/testarch/bmad-testarch-test-design/checklist.md","0bb568aab36022c871ca6fc54c1ac2636911a85272ed6073d0c3db7db40ca709"
"md","checklist","tea","tea/workflows/testarch/bmad-testarch-test-review/checklist.md","aabe54bbb8704fd19fe41e90581454ba9621a2f3e1c104219d75263882517283"
"md","checklist","tea","tea/workflows/testarch/bmad-testarch-trace/checklist.md","5972b50eb37c290d4b94da342c9aa0b571965e4d168c27d728926ebfc21d7fe8"
"md","ci-burn-in","tea","tea/agents/bmad-tea/resources/knowledge/ci-burn-in.md","224795cba3b6c5cfe6f4c85e6f99ade801d84a9f6edbff164a8b27fcc52370b1"
"md","ci-burn-in","tea","tea/workflows/testarch/bmad-testarch-atdd/resources/knowledge/ci-burn-in.md","224795cba3b6c5cfe6f4c85e6f99ade801d84a9f6edbff164a8b27fcc52370b1"
"md","ci-burn-in","tea","tea/workflows/testarch/bmad-testarch-automate/resources/knowledge/ci-burn-in.md","224795cba3b6c5cfe6f4c85e6f99ade801d84a9f6edbff164a8b27fcc52370b1"
"md","ci-burn-in","tea","tea/workflows/testarch/bmad-testarch-ci/resources/knowledge/ci-burn-in.md","224795cba3b6c5cfe6f4c85e6f99ade801d84a9f6edbff164a8b27fcc52370b1"
"md","ci-burn-in","tea","tea/workflows/testarch/bmad-testarch-framework/resources/knowledge/ci-burn-in.md","224795cba3b6c5cfe6f4c85e6f99ade801d84a9f6edbff164a8b27fcc52370b1"
"md","ci-burn-in","tea","tea/workflows/testarch/bmad-testarch-nfr/resources/knowledge/ci-burn-in.md","224795cba3b6c5cfe6f4c85e6f99ade801d84a9f6edbff164a8b27fcc52370b1"
"md","ci-burn-in","tea","tea/workflows/testarch/bmad-testarch-test-design/resources/knowledge/ci-burn-in.md","224795cba3b6c5cfe6f4c85e6f99ade801d84a9f6edbff164a8b27fcc52370b1"
"md","ci-burn-in","tea","tea/workflows/testarch/bmad-testarch-test-review/resources/knowledge/ci-burn-in.md","224795cba3b6c5cfe6f4c85e6f99ade801d84a9f6edbff164a8b27fcc52370b1"
"md","ci-burn-in","tea","tea/workflows/testarch/bmad-testarch-trace/resources/knowledge/ci-burn-in.md","224795cba3b6c5cfe6f4c85e6f99ade801d84a9f6edbff164a8b27fcc52370b1"
"md","ci-pipeline-progress.example","tea","tea/workflows/testarch/bmad-testarch-ci/resources/ci-pipeline-progress.example.md","c72d0a1cf0b1e3d2bad0c239f3c8a0dac2eabe33699efeb29fd787083d88bcf2"
"md","completion-summary-template","tea","tea/workflows/testarch/bmad-teach-me-testing/templates/completion-summary-template.md","74a7f2ea9ee5fd0c2908a85e897848e2c302ac1e315644516af592e2c43a33af"
"md","component-tdd","tea","tea/agents/bmad-tea/resources/knowledge/component-tdd.md","265907160c95c8d7b2e9c05304665b68f3267b817920fff8afb131ec04184edb"
"md","component-tdd","tea","tea/workflows/testarch/bmad-testarch-atdd/resources/knowledge/component-tdd.md","265907160c95c8d7b2e9c05304665b68f3267b817920fff8afb131ec04184edb"
"md","component-tdd","tea","tea/workflows/testarch/bmad-testarch-automate/resources/knowledge/component-tdd.md","265907160c95c8d7b2e9c05304665b68f3267b817920fff8afb131ec04184edb"
"md","component-tdd","tea","tea/workflows/testarch/bmad-testarch-ci/resources/knowledge/component-tdd.md","265907160c95c8d7b2e9c05304665b68f3267b817920fff8afb131ec04184edb"
"md","component-tdd","tea","tea/workflows/testarch/bmad-testarch-framework/resources/knowledge/component-tdd.md","265907160c95c8d7b2e9c05304665b68f3267b817920fff8afb131ec04184edb"
"md","component-tdd","tea","tea/workflows/testarch/bmad-testarch-nfr/resources/knowledge/component-tdd.md","265907160c95c8d7b2e9c05304665b68f3267b817920fff8afb131ec04184edb"
"md","component-tdd","tea","tea/workflows/testarch/bmad-testarch-test-design/resources/knowledge/component-tdd.md","265907160c95c8d7b2e9c05304665b68f3267b817920fff8afb131ec04184edb"
"md","component-tdd","tea","tea/workflows/testarch/bmad-testarch-test-review/resources/knowledge/component-tdd.md","265907160c95c8d7b2e9c05304665b68f3267b817920fff8afb131ec04184edb"
"md","component-tdd","tea","tea/workflows/testarch/bmad-testarch-trace/resources/knowledge/component-tdd.md","265907160c95c8d7b2e9c05304665b68f3267b817920fff8afb131ec04184edb"
"md","confidence-gate","tea","tea/agents/bmad-tea/resources/knowledge/confidence-gate.md","99df7e3ff38b6dd69f1c08de85b0d586aa9ac2dc1a33fcd4db682a78af4b4b67"
"md","confidence-gate","tea","tea/workflows/testarch/bmad-testarch-atdd/resources/knowledge/confidence-gate.md","99df7e3ff38b6dd69f1c08de85b0d586aa9ac2dc1a33fcd4db682a78af4b4b67"
"md","confidence-gate","tea","tea/workflows/testarch/bmad-testarch-automate/resources/knowledge/confidence-gate.md","99df7e3ff38b6dd69f1c08de85b0d586aa9ac2dc1a33fcd4db682a78af4b4b67"
"md","confidence-gate","tea","tea/workflows/testarch/bmad-testarch-ci/resources/knowledge/confidence-gate.md","99df7e3ff38b6dd69f1c08de85b0d586aa9ac2dc1a33fcd4db682a78af4b4b67"
"md","confidence-gate","tea","tea/workflows/testarch/bmad-testarch-framework/resources/knowledge/confidence-gate.md","99df7e3ff38b6dd69f1c08de85b0d586aa9ac2dc1a33fcd4db682a78af4b4b67"
"md","confidence-gate","tea","tea/workflows/testarch/bmad-testarch-nfr/resources/knowledge/confidence-gate.md","99df7e3ff38b6dd69f1c08de85b0d586aa9ac2dc1a33fcd4db682a78af4b4b67"
"md","confidence-gate","tea","tea/workflows/testarch/bmad-testarch-test-design/resources/knowledge/confidence-gate.md","99df7e3ff38b6dd69f1c08de85b0d586aa9ac2dc1a33fcd4db682a78af4b4b67"
"md","confidence-gate","tea","tea/workflows/testarch/bmad-testarch-test-review/resources/knowledge/confidence-gate.md","99df7e3ff38b6dd69f1c08de85b0d586aa9ac2dc1a33fcd4db682a78af4b4b67"
"md","confidence-gate","tea","tea/workflows/testarch/bmad-testarch-trace/resources/knowledge/confidence-gate.md","99df7e3ff38b6dd69f1c08de85b0d586aa9ac2dc1a33fcd4db682a78af4b4b67"
"md","contract-testing","tea","tea/agents/bmad-tea/resources/knowledge/contract-testing.md","da8ceb53fab22cd80270e3317a9fc7683b901c6303ac32a40022d7105f871f80"
"md","contract-testing","tea","tea/workflows/testarch/bmad-testarch-atdd/resources/knowledge/contract-testing.md","da8ceb53fab22cd80270e3317a9fc7683b901c6303ac32a40022d7105f871f80"
"md","contract-testing","tea","tea/workflows/testarch/bmad-testarch-automate/resources/knowledge/contract-testing.md","da8ceb53fab22cd80270e3317a9fc7683b901c6303ac32a40022d7105f871f80"
"md","contract-testing","tea","tea/workflows/testarch/bmad-testarch-ci/resources/knowledge/contract-testing.md","da8ceb53fab22cd80270e3317a9fc7683b901c6303ac32a40022d7105f871f80"
"md","contract-testing","tea","tea/workflows/testarch/bmad-testarch-framework/resources/knowledge/contract-testing.md","da8ceb53fab22cd80270e3317a9fc7683b901c6303ac32a40022d7105f871f80"
"md","contract-testing","tea","tea/workflows/testarch/bmad-testarch-nfr/resources/knowledge/contract-testing.md","da8ceb53fab22cd80270e3317a9fc7683b901c6303ac32a40022d7105f871f80"
"md","contract-testing","tea","tea/workflows/testarch/bmad-testarch-test-design/resources/knowledge/contract-testing.md","da8ceb53fab22cd80270e3317a9fc7683b901c6303ac32a40022d7105f871f80"
"md","contract-testing","tea","tea/workflows/testarch/bmad-testarch-test-review/resources/knowledge/contract-testing.md","da8ceb53fab22cd80270e3317a9fc7683b901c6303ac32a40022d7105f871f80"
"md","contract-testing","tea","tea/workflows/testarch/bmad-testarch-trace/resources/knowledge/contract-testing.md","da8ceb53fab22cd80270e3317a9fc7683b901c6303ac32a40022d7105f871f80"
"md","criteria-registry","tea","tea/workflows/testarch/bmad-testarch-test-review/steps-c/criteria-registry.md","9709a1779b75d3f547d3d8ecbef1460f03fc15fb508fe003b530759b151bd242"
"md","data-factories","tea","tea/agents/bmad-tea/resources/knowledge/data-factories.md","036572ce6222b98829c681c9c2cebc54fa89d670356e4bc7d50e402af91f587d"
"md","data-factories","tea","tea/workflows/testarch/bmad-testarch-atdd/resources/knowledge/data-factories.md","036572ce6222b98829c681c9c2cebc54fa89d670356e4bc7d50e402af91f587d"
"md","data-factories","tea","tea/workflows/testarch/bmad-testarch-automate/resources/knowledge/data-factories.md","036572ce6222b98829c681c9c2cebc54fa89d670356e4bc7d50e402af91f587d"
"md","data-factories","tea","tea/workflows/testarch/bmad-testarch-ci/resources/knowledge/data-factories.md","036572ce6222b98829c681c9c2cebc54fa89d670356e4bc7d50e402af91f587d"
"md","data-factories","tea","tea/workflows/testarch/bmad-testarch-framework/resources/knowledge/data-factories.md","036572ce6222b98829c681c9c2cebc54fa89d670356e4bc7d50e402af91f587d"
"md","data-factories","tea","tea/workflows/testarch/bmad-testarch-nfr/resources/knowledge/data-factories.md","036572ce6222b98829c681c9c2cebc54fa89d670356e4bc7d50e402af91f587d"
"md","data-factories","tea","tea/workflows/testarch/bmad-testarch-test-design/resources/knowledge/data-factories.md","036572ce6222b98829c681c9c2cebc54fa89d670356e4bc7d50e402af91f587d"
"md","data-factories","tea","tea/workflows/testarch/bmad-testarch-test-review/resources/knowledge/data-factories.md","036572ce6222b98829c681c9c2cebc54fa89d670356e4bc7d50e402af91f587d"
"md","data-factories","tea","tea/workflows/testarch/bmad-testarch-trace/resources/knowledge/data-factories.md","036572ce6222b98829c681c9c2cebc54fa89d670356e4bc7d50e402af91f587d"
"md","email-auth","tea","tea/agents/bmad-tea/resources/knowledge/email-auth.md","157996b68a3232f62a6911dd2cd336ca159098cf2210f991ae3e961f27eabc2c"
"md","email-auth","tea","tea/workflows/testarch/bmad-testarch-atdd/resources/knowledge/email-auth.md","157996b68a3232f62a6911dd2cd336ca159098cf2210f991ae3e961f27eabc2c"
"md","email-auth","tea","tea/workflows/testarch/bmad-testarch-automate/resources/knowledge/email-auth.md","157996b68a3232f62a6911dd2cd336ca159098cf2210f991ae3e961f27eabc2c"
"md","email-auth","tea","tea/workflows/testarch/bmad-testarch-ci/resources/knowledge/email-auth.md","157996b68a3232f62a6911dd2cd336ca159098cf2210f991ae3e961f27eabc2c"
"md","email-auth","tea","tea/workflows/testarch/bmad-testarch-framework/resources/knowledge/email-auth.md","157996b68a3232f62a6911dd2cd336ca159098cf2210f991ae3e961f27eabc2c"
"md","email-auth","tea","tea/workflows/testarch/bmad-testarch-nfr/resources/knowledge/email-auth.md","157996b68a3232f62a6911dd2cd336ca159098cf2210f991ae3e961f27eabc2c"
"md","email-auth","tea","tea/workflows/testarch/bmad-testarch-test-design/resources/knowledge/email-auth.md","157996b68a3232f62a6911dd2cd336ca159098cf2210f991ae3e961f27eabc2c"
"md","email-auth","tea","tea/workflows/testarch/bmad-testarch-test-review/resources/knowledge/email-auth.md","157996b68a3232f62a6911dd2cd336ca159098cf2210f991ae3e961f27eabc2c"
"md","email-auth","tea","tea/workflows/testarch/bmad-testarch-trace/resources/knowledge/email-auth.md","157996b68a3232f62a6911dd2cd336ca159098cf2210f991ae3e961f27eabc2c"
"md","error-handling","tea","tea/agents/bmad-tea/resources/knowledge/error-handling.md","c941031c7535eb111d0afe53385b68b9f12d1478dea96c44c2b66d0267b8f1ce"
"md","error-handling","tea","tea/workflows/testarch/bmad-testarch-atdd/resources/knowledge/error-handling.md","c941031c7535eb111d0afe53385b68b9f12d1478dea96c44c2b66d0267b8f1ce"
"md","error-handling","tea","tea/workflows/testarch/bmad-testarch-automate/resources/knowledge/error-handling.md","c941031c7535eb111d0afe53385b68b9f12d1478dea96c44c2b66d0267b8f1ce"
"md","error-handling","tea","tea/workflows/testarch/bmad-testarch-ci/resources/knowledge/error-handling.md","c941031c7535eb111d0afe53385b68b9f12d1478dea96c44c2b66d0267b8f1ce"
"md","error-handling","tea","tea/workflows/testarch/bmad-testarch-framework/resources/knowledge/error-handling.md","c941031c7535eb111d0afe53385b68b9f12d1478dea96c44c2b66d0267b8f1ce"
"md","error-handling","tea","tea/workflows/testarch/bmad-testarch-nfr/resources/knowledge/error-handling.md","c941031c7535eb111d0afe53385b68b9f12d1478dea96c44c2b66d0267b8f1ce"
"md","error-handling","tea","tea/workflows/testarch/bmad-testarch-test-design/resources/knowledge/error-handling.md","c941031c7535eb111d0afe53385b68b9f12d1478dea96c44c2b66d0267b8f1ce"
"md","error-handling","tea","tea/workflows/testarch/bmad-testarch-test-review/resources/knowledge/error-handling.md","c941031c7535eb111d0afe53385b68b9f12d1478dea96c44c2b66d0267b8f1ce"
"md","error-handling","tea","tea/workflows/testarch/bmad-testarch-trace/resources/knowledge/error-handling.md","c941031c7535eb111d0afe53385b68b9f12d1478dea96c44c2b66d0267b8f1ce"
"md","evidence-integrity","tea","tea/agents/bmad-tea/resources/knowledge/evidence-integrity.md","864c16573a53b459b8a26c8cae26fc131d9de5056522157a65cf823348a46920"
"md","evidence-integrity","tea","tea/workflows/testarch/bmad-testarch-atdd/resources/knowledge/evidence-integrity.md","864c16573a53b459b8a26c8cae26fc131d9de5056522157a65cf823348a46920"
"md","evidence-integrity","tea","tea/workflows/testarch/bmad-testarch-automate/resources/knowledge/evidence-integrity.md","864c16573a53b459b8a26c8cae26fc131d9de5056522157a65cf823348a46920"
"md","evidence-integrity","tea","tea/workflows/testarch/bmad-testarch-ci/resources/knowledge/evidence-integrity.md","864c16573a53b459b8a26c8cae26fc131d9de5056522157a65cf823348a46920"
"md","evidence-integrity","tea","tea/workflows/testarch/bmad-testarch-framework/resources/knowledge/evidence-integrity.md","864c16573a53b459b8a26c8cae26fc131d9de5056522157a65cf823348a46920"
"md","evidence-integrity","tea","tea/workflows/testarch/bmad-testarch-nfr/resources/knowledge/evidence-integrity.md","864c16573a53b459b8a26c8cae26fc131d9de5056522157a65cf823348a46920"
"md","evidence-integrity","tea","tea/workflows/testarch/bmad-testarch-test-design/resources/knowledge/evidence-integrity.md","864c16573a53b459b8a26c8cae26fc131d9de5056522157a65cf823348a46920"
"md","evidence-integrity","tea","tea/workflows/testarch/bmad-testarch-test-review/resources/knowledge/evidence-integrity.md","864c16573a53b459b8a26c8cae26fc131d9de5056522157a65cf823348a46920"
"md","evidence-integrity","tea","tea/workflows/testarch/bmad-testarch-trace/resources/knowledge/evidence-integrity.md","864c16573a53b459b8a26c8cae26fc131d9de5056522157a65cf823348a46920"
"md","feature-flags","tea","tea/agents/bmad-tea/resources/knowledge/feature-flags.md","7e46668d5049933dbb5d60096dd2c3800605582dd4198523b10b4d02586c97dc"
"md","feature-flags","tea","tea/workflows/testarch/bmad-testarch-atdd/resources/knowledge/feature-flags.md","7e46668d5049933dbb5d60096dd2c3800605582dd4198523b10b4d02586c97dc"
"md","feature-flags","tea","tea/workflows/testarch/bmad-testarch-automate/resources/knowledge/feature-flags.md","7e46668d5049933dbb5d60096dd2c3800605582dd4198523b10b4d02586c97dc"
"md","feature-flags","tea","tea/workflows/testarch/bmad-testarch-ci/resources/knowledge/feature-flags.md","7e46668d5049933dbb5d60096dd2c3800605582dd4198523b10b4d02586c97dc"
"md","feature-flags","tea","tea/workflows/testarch/bmad-testarch-framework/resources/knowledge/feature-flags.md","7e46668d5049933dbb5d60096dd2c3800605582dd4198523b10b4d02586c97dc"
"md","feature-flags","tea","tea/workflows/testarch/bmad-testarch-nfr/resources/knowledge/feature-flags.md","7e46668d5049933dbb5d60096dd2c3800605582dd4198523b10b4d02586c97dc"
"md","feature-flags","tea","tea/workflows/testarch/bmad-testarch-test-design/resources/knowledge/feature-flags.md","7e46668d5049933dbb5d60096dd2c3800605582dd4198523b10b4d02586c97dc"
"md","feature-flags","tea","tea/workflows/testarch/bmad-testarch-test-review/resources/knowledge/feature-flags.md","7e46668d5049933dbb5d60096dd2c3800605582dd4198523b10b4d02586c97dc"
"md","feature-flags","tea","tea/workflows/testarch/bmad-testarch-trace/resources/knowledge/feature-flags.md","7e46668d5049933dbb5d60096dd2c3800605582dd4198523b10b4d02586c97dc"
"md","file-utils","tea","tea/agents/bmad-tea/resources/knowledge/file-utils.md","7d1092930118fb160b9c0a4a48c398d9b08bb909d1e2432662d8e81e1e3b0087"
"md","file-utils","tea","tea/workflows/testarch/bmad-testarch-atdd/resources/knowledge/file-utils.md","7d1092930118fb160b9c0a4a48c398d9b08bb909d1e2432662d8e81e1e3b0087"
"md","file-utils","tea","tea/workflows/testarch/bmad-testarch-automate/resources/knowledge/file-utils.md","7d1092930118fb160b9c0a4a48c398d9b08bb909d1e2432662d8e81e1e3b0087"
"md","file-utils","tea","tea/workflows/testarch/bmad-testarch-ci/resources/knowledge/file-utils.md","7d1092930118fb160b9c0a4a48c398d9b08bb909d1e2432662d8e81e1e3b0087"
"md","file-utils","tea","tea/workflows/testarch/bmad-testarch-framework/resources/knowledge/file-utils.md","7d1092930118fb160b9c0a4a48c398d9b08bb909d1e2432662d8e81e1e3b0087"
"md","file-utils","tea","tea/workflows/testarch/bmad-testarch-nfr/resources/knowledge/file-utils.md","7d1092930118fb160b9c0a4a48c398d9b08bb909d1e2432662d8e81e1e3b0087"
"md","file-utils","tea","tea/workflows/testarch/bmad-testarch-test-design/resources/knowledge/file-utils.md","7d1092930118fb160b9c0a4a48c398d9b08bb909d1e2432662d8e81e1e3b0087"
"md","file-utils","tea","tea/workflows/testarch/bmad-testarch-test-review/resources/knowledge/file-utils.md","7d1092930118fb160b9c0a4a48c398d9b08bb909d1e2432662d8e81e1e3b0087"
"md","file-utils","tea","tea/workflows/testarch/bmad-testarch-trace/resources/knowledge/file-utils.md","7d1092930118fb160b9c0a4a48c398d9b08bb909d1e2432662d8e81e1e3b0087"
"md","fixture-architecture","tea","tea/agents/bmad-tea/resources/knowledge/fixture-architecture.md","c0c62381e7a0385fe0d8b59861a3756994d3bbc673e4605ded9607d5217c7e55"
"md","fixture-architecture","tea","tea/workflows/testarch/bmad-testarch-atdd/resources/knowledge/fixture-architecture.md","c0c62381e7a0385fe0d8b59861a3756994d3bbc673e4605ded9607d5217c7e55"
"md","fixture-architecture","tea","tea/workflows/testarch/bmad-testarch-automate/resources/knowledge/fixture-architecture.md","c0c62381e7a0385fe0d8b59861a3756994d3bbc673e4605ded9607d5217c7e55"
"md","fixture-architecture","tea","tea/workflows/testarch/bmad-testarch-ci/resources/knowledge/fixture-architecture.md","c0c62381e7a0385fe0d8b59861a3756994d3bbc673e4605ded9607d5217c7e55"
"md","fixture-architecture","tea","tea/workflows/testarch/bmad-testarch-framework/resources/knowledge/fixture-architecture.md","c0c62381e7a0385fe0d8b59861a3756994d3bbc673e4605ded9607d5217c7e55"
"md","fixture-architecture","tea","tea/workflows/testarch/bmad-testarch-nfr/resources/knowledge/fixture-architecture.md","c0c62381e7a0385fe0d8b59861a3756994d3bbc673e4605ded9607d5217c7e55"
"md","fixture-architecture","tea","tea/workflows/testarch/bmad-testarch-test-design/resources/knowledge/fixture-architecture.md","c0c62381e7a0385fe0d8b59861a3756994d3bbc673e4605ded9607d5217c7e55"
"md","fixture-architecture","tea","tea/workflows/testarch/bmad-testarch-test-review/resources/knowledge/fixture-architecture.md","c0c62381e7a0385fe0d8b59861a3756994d3bbc673e4605ded9607d5217c7e55"
"md","fixture-architecture","tea","tea/workflows/testarch/bmad-testarch-trace/resources/knowledge/fixture-architecture.md","c0c62381e7a0385fe0d8b59861a3756994d3bbc673e4605ded9607d5217c7e55"
"md","fixtures-composition","tea","tea/agents/bmad-tea/resources/knowledge/fixtures-composition.md","cd62666b34894c4130bc0da73503fc24b820094e8a4c3ec2a70a16700d77af5a"
"md","fixtures-composition","tea","tea/workflows/testarch/bmad-testarch-atdd/resources/knowledge/fixtures-composition.md","cd62666b34894c4130bc0da73503fc24b820094e8a4c3ec2a70a16700d77af5a"
"md","fixtures-composition","tea","tea/workflows/testarch/bmad-testarch-automate/resources/knowledge/fixtures-composition.md","cd62666b34894c4130bc0da73503fc24b820094e8a4c3ec2a70a16700d77af5a"
"md","fixtures-composition","tea","tea/workflows/testarch/bmad-testarch-ci/resources/knowledge/fixtures-composition.md","cd62666b34894c4130bc0da73503fc24b820094e8a4c3ec2a70a16700d77af5a"
"md","fixtures-composition","tea","tea/workflows/testarch/bmad-testarch-framework/resources/knowledge/fixtures-composition.md","cd62666b34894c4130bc0da73503fc24b820094e8a4c3ec2a70a16700d77af5a"
"md","fixtures-composition","tea","tea/workflows/testarch/bmad-testarch-nfr/resources/knowledge/fixtures-composition.md","cd62666b34894c4130bc0da73503fc24b820094e8a4c3ec2a70a16700d77af5a"
"md","fixtures-composition","tea","tea/workflows/testarch/bmad-testarch-test-design/resources/knowledge/fixtures-composition.md","cd62666b34894c4130bc0da73503fc24b820094e8a4c3ec2a70a16700d77af5a"
"md","fixtures-composition","tea","tea/workflows/testarch/bmad-testarch-test-review/resources/knowledge/fixtures-composition.md","cd62666b34894c4130bc0da73503fc24b820094e8a4c3ec2a70a16700d77af5a"
"md","fixtures-composition","tea","tea/workflows/testarch/bmad-testarch-trace/resources/knowledge/fixtures-composition.md","cd62666b34894c4130bc0da73503fc24b820094e8a4c3ec2a70a16700d77af5a"
"md","framework-setup-progress.example","tea","tea/workflows/testarch/bmad-testarch-framework/resources/framework-setup-progress.example.md","5a69a2373e84b0bfed1bf0400e9a34d4cc4137bcf28b3e80fb57c9eb935f5ced"
"md","instructions","tea","tea/workflows/testarch/bmad-teach-me-testing/instructions.md","8312032fbe11c311a25e24168e043032999bac32e24f3df3a9defe6585f87ad0"
"md","instructions","tea","tea/workflows/testarch/bmad-testarch-atdd/instructions.md","930807db5daa3a366fa9c5644a99ebae8018dce5c15fe87a6bc85506fff141bb"
"md","instructions","tea","tea/workflows/testarch/bmad-testarch-automate/instructions.md","75fa59f76165af6a4279e4a39c754b97dbd9ce17eec6b71672d126edec974d51"
"md","instructions","tea","tea/workflows/testarch/bmad-testarch-ci/instructions.md","cd8905705533b59d860b40bcac0f1f2769369ede753a2ca91fe722e6f7b42cdc"
"md","instructions","tea","tea/workflows/testarch/bmad-testarch-framework/instructions.md","767733b4bbfcd8d1da152fa4daec859d4a4966a1df862a25369fba0d58fac7c5"
"md","instructions","tea","tea/workflows/testarch/bmad-testarch-nfr/instructions.md","e1b76e269125ddbf076c31101795a9f097f6cc38305dac0a0df280549eff1700"
"md","instructions","tea","tea/workflows/testarch/bmad-testarch-test-design/instructions.md","12f69b8730f15da16cad6b1bb3a82970e759ea9928f23bc4b4e400c7e5850634"
"md","instructions","tea","tea/workflows/testarch/bmad-testarch-test-review/instructions.md","8011cbde48324b8c072b05d5cb8ec48e2dd69a1390560f38a5fbcb9f1786e38b"
"md","instructions","tea","tea/workflows/testarch/bmad-testarch-trace/instructions.md","da34be7e45033cd88c6123a9be21e6e0db0ab5342ef64342fa62cef376b92f20"
"md","intercept-network-call","tea","tea/agents/bmad-tea/resources/knowledge/intercept-network-call.md","ac8213cc28a9f9c452a6fb419356dd1d66ce495d7f29d188fcb1bb51456ba869"
"md","intercept-network-call","tea","tea/workflows/testarch/bmad-testarch-atdd/resources/knowledge/intercept-network-call.md","ac8213cc28a9f9c452a6fb419356dd1d66ce495d7f29d188fcb1bb51456ba869"
"md","intercept-network-call","tea","tea/workflows/testarch/bmad-testarch-automate/resources/knowledge/intercept-network-call.md","ac8213cc28a9f9c452a6fb419356dd1d66ce495d7f29d188fcb1bb51456ba869"
"md","intercept-network-call","tea","tea/workflows/testarch/bmad-testarch-ci/resources/knowledge/intercept-network-call.md","ac8213cc28a9f9c452a6fb419356dd1d66ce495d7f29d188fcb1bb51456ba869"
"md","intercept-network-call","tea","tea/workflows/testarch/bmad-testarch-framework/resources/knowledge/intercept-network-call.md","ac8213cc28a9f9c452a6fb419356dd1d66ce495d7f29d188fcb1bb51456ba869"
"md","intercept-network-call","tea","tea/workflows/testarch/bmad-testarch-nfr/resources/knowledge/intercept-network-call.md","ac8213cc28a9f9c452a6fb419356dd1d66ce495d7f29d188fcb1bb51456ba869"
"md","intercept-network-call","tea","tea/workflows/testarch/bmad-testarch-test-design/resources/knowledge/intercept-network-call.md","ac8213cc28a9f9c452a6fb419356dd1d66ce495d7f29d188fcb1bb51456ba869"
"md","intercept-network-call","tea","tea/workflows/testarch/bmad-testarch-test-review/resources/knowledge/intercept-network-call.md","ac8213cc28a9f9c452a6fb419356dd1d66ce495d7f29d188fcb1bb51456ba869"
"md","intercept-network-call","tea","tea/workflows/testarch/bmad-testarch-trace/resources/knowledge/intercept-network-call.md","ac8213cc28a9f9c452a6fb419356dd1d66ce495d7f29d188fcb1bb51456ba869"
"md","library-integration-mandate","tea","tea/agents/bmad-tea/resources/knowledge/library-integration-mandate.md","aa3f037ee82b93733bac6e9e7851836f215e2bc9980c24933aa3d5885a12941d"
"md","library-integration-mandate","tea","tea/workflows/testarch/bmad-testarch-atdd/resources/knowledge/library-integration-mandate.md","aa3f037ee82b93733bac6e9e7851836f215e2bc9980c24933aa3d5885a12941d"
"md","library-integration-mandate","tea","tea/workflows/testarch/bmad-testarch-automate/resources/knowledge/library-integration-mandate.md","aa3f037ee82b93733bac6e9e7851836f215e2bc9980c24933aa3d5885a12941d"
"md","library-integration-mandate","tea","tea/workflows/testarch/bmad-testarch-ci/resources/knowledge/library-integration-mandate.md","aa3f037ee82b93733bac6e9e7851836f215e2bc9980c24933aa3d5885a12941d"
"md","library-integration-mandate","tea","tea/workflows/testarch/bmad-testarch-framework/resources/knowledge/library-integration-mandate.md","aa3f037ee82b93733bac6e9e7851836f215e2bc9980c24933aa3d5885a12941d"
"md","library-integration-mandate","tea","tea/workflows/testarch/bmad-testarch-nfr/resources/knowledge/library-integration-mandate.md","aa3f037ee82b93733bac6e9e7851836f215e2bc9980c24933aa3d5885a12941d"
"md","library-integration-mandate","tea","tea/workflows/testarch/bmad-testarch-test-design/resources/knowledge/library-integration-mandate.md","aa3f037ee82b93733bac6e9e7851836f215e2bc9980c24933aa3d5885a12941d"
"md","library-integration-mandate","tea","tea/workflows/testarch/bmad-testarch-test-review/resources/knowledge/library-integration-mandate.md","aa3f037ee82b93733bac6e9e7851836f215e2bc9980c24933aa3d5885a12941d"
"md","library-integration-mandate","tea","tea/workflows/testarch/bmad-testarch-trace/resources/knowledge/library-integration-mandate.md","aa3f037ee82b93733bac6e9e7851836f215e2bc9980c24933aa3d5885a12941d"
"md","log","tea","tea/agents/bmad-tea/resources/knowledge/log.md","ef73615ce4535d4571567191ee9dc382cb87fd1eb75d3ee7e62f8f5dc9ca4c46"
"md","log","tea","tea/workflows/testarch/bmad-testarch-atdd/resources/knowledge/log.md","ef73615ce4535d4571567191ee9dc382cb87fd1eb75d3ee7e62f8f5dc9ca4c46"
"md","log","tea","tea/workflows/testarch/bmad-testarch-automate/resources/knowledge/log.md","ef73615ce4535d4571567191ee9dc382cb87fd1eb75d3ee7e62f8f5dc9ca4c46"
"md","log","tea","tea/workflows/testarch/bmad-testarch-ci/resources/knowledge/log.md","ef73615ce4535d4571567191ee9dc382cb87fd1eb75d3ee7e62f8f5dc9ca4c46"
"md","log","tea","tea/workflows/testarch/bmad-testarch-framework/resources/knowledge/log.md","ef73615ce4535d4571567191ee9dc382cb87fd1eb75d3ee7e62f8f5dc9ca4c46"
"md","log","tea","tea/workflows/testarch/bmad-testarch-nfr/resources/knowledge/log.md","ef73615ce4535d4571567191ee9dc382cb87fd1eb75d3ee7e62f8f5dc9ca4c46"
"md","log","tea","tea/workflows/testarch/bmad-testarch-test-design/resources/knowledge/log.md","ef73615ce4535d4571567191ee9dc382cb87fd1eb75d3ee7e62f8f5dc9ca4c46"
"md","log","tea","tea/workflows/testarch/bmad-testarch-test-review/resources/knowledge/log.md","ef73615ce4535d4571567191ee9dc382cb87fd1eb75d3ee7e62f8f5dc9ca4c46"
"md","log","tea","tea/workflows/testarch/bmad-testarch-trace/resources/knowledge/log.md","ef73615ce4535d4571567191ee9dc382cb87fd1eb75d3ee7e62f8f5dc9ca4c46"
"md","maestro-flows","tea","tea/agents/bmad-tea/resources/knowledge/maestro-flows.md","02b1fff0e463708db474310792fd88a98dc425c621bac9cb3b7b7f1fbd47c3d3"
"md","maestro-flows","tea","tea/workflows/testarch/bmad-testarch-atdd/resources/knowledge/maestro-flows.md","02b1fff0e463708db474310792fd88a98dc425c621bac9cb3b7b7f1fbd47c3d3"
"md","maestro-flows","tea","tea/workflows/testarch/bmad-testarch-automate/resources/knowledge/maestro-flows.md","02b1fff0e463708db474310792fd88a98dc425c621bac9cb3b7b7f1fbd47c3d3"
"md","maestro-flows","tea","tea/workflows/testarch/bmad-testarch-ci/resources/knowledge/maestro-flows.md","02b1fff0e463708db474310792fd88a98dc425c621bac9cb3b7b7f1fbd47c3d3"
"md","maestro-flows","tea","tea/workflows/testarch/bmad-testarch-framework/resources/knowledge/maestro-flows.md","02b1fff0e463708db474310792fd88a98dc425c621bac9cb3b7b7f1fbd47c3d3"
"md","maestro-flows","tea","tea/workflows/testarch/bmad-testarch-nfr/resources/knowledge/maestro-flows.md","02b1fff0e463708db474310792fd88a98dc425c621bac9cb3b7b7f1fbd47c3d3"
"md","maestro-flows","tea","tea/workflows/testarch/bmad-testarch-test-design/resources/knowledge/maestro-flows.md","02b1fff0e463708db474310792fd88a98dc425c621bac9cb3b7b7f1fbd47c3d3"
"md","maestro-flows","tea","tea/workflows/testarch/bmad-testarch-test-review/resources/knowledge/maestro-flows.md","02b1fff0e463708db474310792fd88a98dc425c621bac9cb3b7b7f1fbd47c3d3"
"md","maestro-flows","tea","tea/workflows/testarch/bmad-testarch-trace/resources/knowledge/maestro-flows.md","02b1fff0e463708db474310792fd88a98dc425c621bac9cb3b7b7f1fbd47c3d3"
"md","mobile-ci-device-lab","tea","tea/agents/bmad-tea/resources/knowledge/mobile-ci-device-lab.md","0d992898bd8e1b1d047285097047bc5078528f2d3f6e6c2f61e6339cca71454e"
"md","mobile-ci-device-lab","tea","tea/workflows/testarch/bmad-testarch-atdd/resources/knowledge/mobile-ci-device-lab.md","0d992898bd8e1b1d047285097047bc5078528f2d3f6e6c2f61e6339cca71454e"
"md","mobile-ci-device-lab","tea","tea/workflows/testarch/bmad-testarch-automate/resources/knowledge/mobile-ci-device-lab.md","0d992898bd8e1b1d047285097047bc5078528f2d3f6e6c2f61e6339cca71454e"
"md","mobile-ci-device-lab","tea","tea/workflows/testarch/bmad-testarch-ci/resources/knowledge/mobile-ci-device-lab.md","0d992898bd8e1b1d047285097047bc5078528f2d3f6e6c2f61e6339cca71454e"
"md","mobile-ci-device-lab","tea","tea/workflows/testarch/bmad-testarch-framework/resources/knowledge/mobile-ci-device-lab.md","0d992898bd8e1b1d047285097047bc5078528f2d3f6e6c2f61e6339cca71454e"
"md","mobile-ci-device-lab","tea","tea/workflows/testarch/bmad-testarch-nfr/resources/knowledge/mobile-ci-device-lab.md","0d992898bd8e1b1d047285097047bc5078528f2d3f6e6c2f61e6339cca71454e"
"md","mobile-ci-device-lab","tea","tea/workflows/testarch/bmad-testarch-test-design/resources/knowledge/mobile-ci-device-lab.md","0d992898bd8e1b1d047285097047bc5078528f2d3f6e6c2f61e6339cca71454e"
"md","mobile-ci-device-lab","tea","tea/workflows/testarch/bmad-testarch-test-review/resources/knowledge/mobile-ci-device-lab.md","0d992898bd8e1b1d047285097047bc5078528f2d3f6e6c2f61e6339cca71454e"
"md","mobile-ci-device-lab","tea","tea/workflows/testarch/bmad-testarch-trace/resources/knowledge/mobile-ci-device-lab.md","0d992898bd8e1b1d047285097047bc5078528f2d3f6e6c2f61e6339cca71454e"
"md","mobile-test-strategy","tea","tea/agents/bmad-tea/resources/knowledge/mobile-test-strategy.md","d16495f50c2832acae9b5b0cb3c3b3443d2b7625dc3205076367834c66c7072c"
"md","mobile-test-strategy","tea","tea/workflows/testarch/bmad-testarch-atdd/resources/knowledge/mobile-test-strategy.md","d16495f50c2832acae9b5b0cb3c3b3443d2b7625dc3205076367834c66c7072c"
"md","mobile-test-strategy","tea","tea/workflows/testarch/bmad-testarch-automate/resources/knowledge/mobile-test-strategy.md","d16495f50c2832acae9b5b0cb3c3b3443d2b7625dc3205076367834c66c7072c"
"md","mobile-test-strategy","tea","tea/workflows/testarch/bmad-testarch-ci/resources/knowledge/mobile-test-strategy.md","d16495f50c2832acae9b5b0cb3c3b3443d2b7625dc3205076367834c66c7072c"
"md","mobile-test-strategy","tea","tea/workflows/testarch/bmad-testarch-framework/resources/knowledge/mobile-test-strategy.md","d16495f50c2832acae9b5b0cb3c3b3443d2b7625dc3205076367834c66c7072c"
"md","mobile-test-strategy","tea","tea/workflows/testarch/bmad-testarch-nfr/resources/knowledge/mobile-test-strategy.md","d16495f50c2832acae9b5b0cb3c3b3443d2b7625dc3205076367834c66c7072c"
"md","mobile-test-strategy","tea","tea/workflows/testarch/bmad-testarch-test-design/resources/knowledge/mobile-test-strategy.md","d16495f50c2832acae9b5b0cb3c3b3443d2b7625dc3205076367834c66c7072c"
"md","mobile-test-strategy","tea","tea/workflows/testarch/bmad-testarch-test-review/resources/knowledge/mobile-test-strategy.md","d16495f50c2832acae9b5b0cb3c3b3443d2b7625dc3205076367834c66c7072c"
"md","mobile-test-strategy","tea","tea/workflows/testarch/bmad-testarch-trace/resources/knowledge/mobile-test-strategy.md","d16495f50c2832acae9b5b0cb3c3b3443d2b7625dc3205076367834c66c7072c"
"md","network-error-monitor","tea","tea/agents/bmad-tea/resources/knowledge/network-error-monitor.md","e450d5db937dbc709f0ff7ba292f813cd8c0e7d8a0126b8580521210cf38e548"
"md","network-error-monitor","tea","tea/workflows/testarch/bmad-testarch-atdd/resources/knowledge/network-error-monitor.md","e450d5db937dbc709f0ff7ba292f813cd8c0e7d8a0126b8580521210cf38e548"
"md","network-error-monitor","tea","tea/workflows/testarch/bmad-testarch-automate/resources/knowledge/network-error-monitor.md","e450d5db937dbc709f0ff7ba292f813cd8c0e7d8a0126b8580521210cf38e548"
"md","network-error-monitor","tea","tea/workflows/testarch/bmad-testarch-ci/resources/knowledge/network-error-monitor.md","e450d5db937dbc709f0ff7ba292f813cd8c0e7d8a0126b8580521210cf38e548"
"md","network-error-monitor","tea","tea/workflows/testarch/bmad-testarch-framework/resources/knowledge/network-error-monitor.md","e450d5db937dbc709f0ff7ba292f813cd8c0e7d8a0126b8580521210cf38e548"
"md","network-error-monitor","tea","tea/workflows/testarch/bmad-testarch-nfr/resources/knowledge/network-error-monitor.md","e450d5db937dbc709f0ff7ba292f813cd8c0e7d8a0126b8580521210cf38e548"
"md","network-error-monitor","tea","tea/workflows/testarch/bmad-testarch-test-design/resources/knowledge/network-error-monitor.md","e450d5db937dbc709f0ff7ba292f813cd8c0e7d8a0126b8580521210cf38e548"
"md","network-error-monitor","tea","tea/workflows/testarch/bmad-testarch-test-review/resources/knowledge/network-error-monitor.md","e450d5db937dbc709f0ff7ba292f813cd8c0e7d8a0126b8580521210cf38e548"
"md","network-error-monitor","tea","tea/workflows/testarch/bmad-testarch-trace/resources/knowledge/network-error-monitor.md","e450d5db937dbc709f0ff7ba292f813cd8c0e7d8a0126b8580521210cf38e548"
"md","network-first","tea","tea/agents/bmad-tea/resources/knowledge/network-first.md","2920e58e145626f5505bcb75e263dbd0e6ac79a8c4c2ec138f5329e06a6ac014"
"md","network-first","tea","tea/workflows/testarch/bmad-testarch-atdd/resources/knowledge/network-first.md","2920e58e145626f5505bcb75e263dbd0e6ac79a8c4c2ec138f5329e06a6ac014"
"md","network-first","tea","tea/workflows/testarch/bmad-testarch-automate/resources/knowledge/network-first.md","2920e58e145626f5505bcb75e263dbd0e6ac79a8c4c2ec138f5329e06a6ac014"
"md","network-first","tea","tea/workflows/testarch/bmad-testarch-ci/resources/knowledge/network-first.md","2920e58e145626f5505bcb75e263dbd0e6ac79a8c4c2ec138f5329e06a6ac014"
"md","network-first","tea","tea/workflows/testarch/bmad-testarch-framework/resources/knowledge/network-first.md","2920e58e145626f5505bcb75e263dbd0e6ac79a8c4c2ec138f5329e06a6ac014"
"md","network-first","tea","tea/workflows/testarch/bmad-testarch-nfr/resources/knowledge/network-first.md","2920e58e145626f5505bcb75e263dbd0e6ac79a8c4c2ec138f5329e06a6ac014"
"md","network-first","tea","tea/workflows/testarch/bmad-testarch-test-design/resources/knowledge/network-first.md","2920e58e145626f5505bcb75e263dbd0e6ac79a8c4c2ec138f5329e06a6ac014"
"md","network-first","tea","tea/workflows/testarch/bmad-testarch-test-review/resources/knowledge/network-first.md","2920e58e145626f5505bcb75e263dbd0e6ac79a8c4c2ec138f5329e06a6ac014"
"md","network-first","tea","tea/workflows/testarch/bmad-testarch-trace/resources/knowledge/network-first.md","2920e58e145626f5505bcb75e263dbd0e6ac79a8c4c2ec138f5329e06a6ac014"
"md","network-recorder","tea","tea/agents/bmad-tea/resources/knowledge/network-recorder.md","f86bd52defea901fcf2c3bc2ba78dcb97047e30a49e552a5935bc8452851d33c"
"md","network-recorder","tea","tea/workflows/testarch/bmad-testarch-atdd/resources/knowledge/network-recorder.md","f86bd52defea901fcf2c3bc2ba78dcb97047e30a49e552a5935bc8452851d33c"
"md","network-recorder","tea","tea/workflows/testarch/bmad-testarch-automate/resources/knowledge/network-recorder.md","f86bd52defea901fcf2c3bc2ba78dcb97047e30a49e552a5935bc8452851d33c"
"md","network-recorder","tea","tea/workflows/testarch/bmad-testarch-ci/resources/knowledge/network-recorder.md","f86bd52defea901fcf2c3bc2ba78dcb97047e30a49e552a5935bc8452851d33c"
"md","network-recorder","tea","tea/workflows/testarch/bmad-testarch-framework/resources/knowledge/network-recorder.md","f86bd52defea901fcf2c3bc2ba78dcb97047e30a49e552a5935bc8452851d33c"
"md","network-recorder","tea","tea/workflows/testarch/bmad-testarch-nfr/resources/knowledge/network-recorder.md","f86bd52defea901fcf2c3bc2ba78dcb97047e30a49e552a5935bc8452851d33c"
"md","network-recorder","tea","tea/workflows/testarch/bmad-testarch-test-design/resources/knowledge/network-recorder.md","f86bd52defea901fcf2c3bc2ba78dcb97047e30a49e552a5935bc8452851d33c"
"md","network-recorder","tea","tea/workflows/testarch/bmad-testarch-test-review/resources/knowledge/network-recorder.md","f86bd52defea901fcf2c3bc2ba78dcb97047e30a49e552a5935bc8452851d33c"
"md","network-recorder","tea","tea/workflows/testarch/bmad-testarch-trace/resources/knowledge/network-recorder.md","f86bd52defea901fcf2c3bc2ba78dcb97047e30a49e552a5935bc8452851d33c"
"md","nfr-assessment.example","tea","tea/workflows/testarch/bmad-testarch-nfr/resources/nfr-assessment.example.md","3effaf28a8f82b6b87f758c2392e9a598b1fa8275b783d07d9bbcb36d0eafe42"
"md","nfr-criteria","tea","tea/agents/bmad-tea/resources/knowledge/nfr-criteria.md","77a3a4711aea7a1efb3d4fe82a6842f53d761eeb3a909fd94e97182f781c8ee9"
"md","nfr-criteria","tea","tea/workflows/testarch/bmad-testarch-atdd/resources/knowledge/nfr-criteria.md","77a3a4711aea7a1efb3d4fe82a6842f53d761eeb3a909fd94e97182f781c8ee9"
"md","nfr-criteria","tea","tea/workflows/testarch/bmad-testarch-automate/resources/knowledge/nfr-criteria.md","77a3a4711aea7a1efb3d4fe82a6842f53d761eeb3a909fd94e97182f781c8ee9"
"md","nfr-criteria","tea","tea/workflows/testarch/bmad-testarch-ci/resources/knowledge/nfr-criteria.md","77a3a4711aea7a1efb3d4fe82a6842f53d761eeb3a909fd94e97182f781c8ee9"
"md","nfr-criteria","tea","tea/workflows/testarch/bmad-testarch-framework/resources/knowledge/nfr-criteria.md","77a3a4711aea7a1efb3d4fe82a6842f53d761eeb3a909fd94e97182f781c8ee9"
"md","nfr-criteria","tea","tea/workflows/testarch/bmad-testarch-nfr/resources/knowledge/nfr-criteria.md","77a3a4711aea7a1efb3d4fe82a6842f53d761eeb3a909fd94e97182f781c8ee9"
"md","nfr-criteria","tea","tea/workflows/testarch/bmad-testarch-test-design/resources/knowledge/nfr-criteria.md","77a3a4711aea7a1efb3d4fe82a6842f53d761eeb3a909fd94e97182f781c8ee9"
"md","nfr-criteria","tea","tea/workflows/testarch/bmad-testarch-test-review/resources/knowledge/nfr-criteria.md","77a3a4711aea7a1efb3d4fe82a6842f53d761eeb3a909fd94e97182f781c8ee9"
"md","nfr-criteria","tea","tea/workflows/testarch/bmad-testarch-trace/resources/knowledge/nfr-criteria.md","77a3a4711aea7a1efb3d4fe82a6842f53d761eeb3a909fd94e97182f781c8ee9"
"md","nfr-report-template","tea","tea/workflows/testarch/bmad-testarch-nfr/nfr-report-template.md","1808108ea391b507ef1640872795bf74f0d43f6272860e322c226b18f74acbc4"
"md","nfr-status-definitions","tea","tea/workflows/testarch/bmad-testarch-nfr/steps-c/nfr-status-definitions.md","adccdcd22d2f001f1dadc189118854af4cbd97388d2924c4a2b2591e1bc82882"
"md","overview","tea","tea/agents/bmad-tea/resources/knowledge/overview.md","eb9415d849698671b6fb763740d7b58ef9886911da895110da1ac73e2122c7e4"
"md","overview","tea","tea/workflows/testarch/bmad-testarch-atdd/resources/knowledge/overview.md","eb9415d849698671b6fb763740d7b58ef9886911da895110da1ac73e2122c7e4"
"md","overview","tea","tea/workflows/testarch/bmad-testarch-automate/resources/knowledge/overview.md","eb9415d849698671b6fb763740d7b58ef9886911da895110da1ac73e2122c7e4"
"md","overview","tea","tea/workflows/testarch/bmad-testarch-ci/resources/knowledge/overview.md","eb9415d849698671b6fb763740d7b58ef9886911da895110da1ac73e2122c7e4"
"md","overview","tea","tea/workflows/testarch/bmad-testarch-framework/resources/knowledge/overview.md","eb9415d849698671b6fb763740d7b58ef9886911da895110da1ac73e2122c7e4"
"md","overview","tea","tea/workflows/testarch/bmad-testarch-nfr/resources/knowledge/overview.md","eb9415d849698671b6fb763740d7b58ef9886911da895110da1ac73e2122c7e4"
"md","overview","tea","tea/workflows/testarch/bmad-testarch-test-design/resources/knowledge/overview.md","eb9415d849698671b6fb763740d7b58ef9886911da895110da1ac73e2122c7e4"
"md","overview","tea","tea/workflows/testarch/bmad-testarch-test-review/resources/knowledge/overview.md","eb9415d849698671b6fb763740d7b58ef9886911da895110da1ac73e2122c7e4"
"md","overview","tea","tea/workflows/testarch/bmad-testarch-trace/resources/knowledge/overview.md","eb9415d849698671b6fb763740d7b58ef9886911da895110da1ac73e2122c7e4"
"md","pact-broker-webhooks","tea","tea/agents/bmad-tea/resources/knowledge/pact-broker-webhooks.md","7a54a5d1976e899508467468ed848beee66367f218470811528e9742f1d8daff"
"md","pact-broker-webhooks","tea","tea/workflows/testarch/bmad-testarch-atdd/resources/knowledge/pact-broker-webhooks.md","7a54a5d1976e899508467468ed848beee66367f218470811528e9742f1d8daff"
"md","pact-broker-webhooks","tea","tea/workflows/testarch/bmad-testarch-automate/resources/knowledge/pact-broker-webhooks.md","7a54a5d1976e899508467468ed848beee66367f218470811528e9742f1d8daff"
"md","pact-broker-webhooks","tea","tea/workflows/testarch/bmad-testarch-ci/resources/knowledge/pact-broker-webhooks.md","7a54a5d1976e899508467468ed848beee66367f218470811528e9742f1d8daff"
"md","pact-broker-webhooks","tea","tea/workflows/testarch/bmad-testarch-framework/resources/knowledge/pact-broker-webhooks.md","7a54a5d1976e899508467468ed848beee66367f218470811528e9742f1d8daff"
"md","pact-broker-webhooks","tea","tea/workflows/testarch/bmad-testarch-nfr/resources/knowledge/pact-broker-webhooks.md","7a54a5d1976e899508467468ed848beee66367f218470811528e9742f1d8daff"
"md","pact-broker-webhooks","tea","tea/workflows/testarch/bmad-testarch-test-design/resources/knowledge/pact-broker-webhooks.md","7a54a5d1976e899508467468ed848beee66367f218470811528e9742f1d8daff"
"md","pact-broker-webhooks","tea","tea/workflows/testarch/bmad-testarch-test-review/resources/knowledge/pact-broker-webhooks.md","7a54a5d1976e899508467468ed848beee66367f218470811528e9742f1d8daff"
"md","pact-broker-webhooks","tea","tea/workflows/testarch/bmad-testarch-trace/resources/knowledge/pact-broker-webhooks.md","7a54a5d1976e899508467468ed848beee66367f218470811528e9742f1d8daff"
"md","pact-consumer-di","tea","tea/agents/bmad-tea/resources/knowledge/pact-consumer-di.md","8da93042ab11ad2e59ae8e37d44567d7bfec77760bb72467bde0d03987ebadce"
"md","pact-consumer-di","tea","tea/workflows/testarch/bmad-testarch-atdd/resources/knowledge/pact-consumer-di.md","8da93042ab11ad2e59ae8e37d44567d7bfec77760bb72467bde0d03987ebadce"
"md","pact-consumer-di","tea","tea/workflows/testarch/bmad-testarch-automate/resources/knowledge/pact-consumer-di.md","8da93042ab11ad2e59ae8e37d44567d7bfec77760bb72467bde0d03987ebadce"
"md","pact-consumer-di","tea","tea/workflows/testarch/bmad-testarch-ci/resources/knowledge/pact-consumer-di.md","8da93042ab11ad2e59ae8e37d44567d7bfec77760bb72467bde0d03987ebadce"
"md","pact-consumer-di","tea","tea/workflows/testarch/bmad-testarch-framework/resources/knowledge/pact-consumer-di.md","8da93042ab11ad2e59ae8e37d44567d7bfec77760bb72467bde0d03987ebadce"
"md","pact-consumer-di","tea","tea/workflows/testarch/bmad-testarch-nfr/resources/knowledge/pact-consumer-di.md","8da93042ab11ad2e59ae8e37d44567d7bfec77760bb72467bde0d03987ebadce"
"md","pact-consumer-di","tea","tea/workflows/testarch/bmad-testarch-test-design/resources/knowledge/pact-consumer-di.md","8da93042ab11ad2e59ae8e37d44567d7bfec77760bb72467bde0d03987ebadce"
"md","pact-consumer-di","tea","tea/workflows/testarch/bmad-testarch-test-review/resources/knowledge/pact-consumer-di.md","8da93042ab11ad2e59ae8e37d44567d7bfec77760bb72467bde0d03987ebadce"
"md","pact-consumer-di","tea","tea/workflows/testarch/bmad-testarch-trace/resources/knowledge/pact-consumer-di.md","8da93042ab11ad2e59ae8e37d44567d7bfec77760bb72467bde0d03987ebadce"
"md","pact-consumer-framework-setup","tea","tea/agents/bmad-tea/resources/knowledge/pact-consumer-framework-setup.md","d514f2ee87f6ba64da407881bcb251bc41371794b2e0cfc488d179f380d21d28"
"md","pact-consumer-framework-setup","tea","tea/workflows/testarch/bmad-testarch-atdd/resources/knowledge/pact-consumer-framework-setup.md","d514f2ee87f6ba64da407881bcb251bc41371794b2e0cfc488d179f380d21d28"
"md","pact-consumer-framework-setup","tea","tea/workflows/testarch/bmad-testarch-automate/resources/knowledge/pact-consumer-framework-setup.md","d514f2ee87f6ba64da407881bcb251bc41371794b2e0cfc488d179f380d21d28"
"md","pact-consumer-framework-setup","tea","tea/workflows/testarch/bmad-testarch-ci/resources/knowledge/pact-consumer-framework-setup.md","d514f2ee87f6ba64da407881bcb251bc41371794b2e0cfc488d179f380d21d28"
"md","pact-consumer-framework-setup","tea","tea/workflows/testarch/bmad-testarch-framework/resources/knowledge/pact-consumer-framework-setup.md","d514f2ee87f6ba64da407881bcb251bc41371794b2e0cfc488d179f380d21d28"
"md","pact-consumer-framework-setup","tea","tea/workflows/testarch/bmad-testarch-nfr/resources/knowledge/pact-consumer-framework-setup.md","d514f2ee87f6ba64da407881bcb251bc41371794b2e0cfc488d179f380d21d28"
"md","pact-consumer-framework-setup","tea","tea/workflows/testarch/bmad-testarch-test-design/resources/knowledge/pact-consumer-framework-setup.md","d514f2ee87f6ba64da407881bcb251bc41371794b2e0cfc488d179f380d21d28"
"md","pact-consumer-framework-setup","tea","tea/workflows/testarch/bmad-testarch-test-review/resources/knowledge/pact-consumer-framework-setup.md","d514f2ee87f6ba64da407881bcb251bc41371794b2e0cfc488d179f380d21d28"
"md","pact-consumer-framework-setup","tea","tea/workflows/testarch/bmad-testarch-trace/resources/knowledge/pact-consumer-framework-setup.md","d514f2ee87f6ba64da407881bcb251bc41371794b2e0cfc488d179f380d21d28"
"md","pact-mcp","tea","tea/agents/bmad-tea/resources/knowledge/pact-mcp.md","77f7a9fa2ee04f6cdd2af2f654602179f30008505c22e8ba9711e423ff61fc4e"
"md","pact-mcp","tea","tea/workflows/testarch/bmad-testarch-atdd/resources/knowledge/pact-mcp.md","77f7a9fa2ee04f6cdd2af2f654602179f30008505c22e8ba9711e423ff61fc4e"
"md","pact-mcp","tea","tea/workflows/testarch/bmad-testarch-automate/resources/knowledge/pact-mcp.md","77f7a9fa2ee04f6cdd2af2f654602179f30008505c22e8ba9711e423ff61fc4e"
"md","pact-mcp","tea","tea/workflows/testarch/bmad-testarch-ci/resources/knowledge/pact-mcp.md","77f7a9fa2ee04f6cdd2af2f654602179f30008505c22e8ba9711e423ff61fc4e"
"md","pact-mcp","tea","tea/workflows/testarch/bmad-testarch-framework/resources/knowledge/pact-mcp.md","77f7a9fa2ee04f6cdd2af2f654602179f30008505c22e8ba9711e423ff61fc4e"
"md","pact-mcp","tea","tea/workflows/testarch/bmad-testarch-nfr/resources/knowledge/pact-mcp.md","77f7a9fa2ee04f6cdd2af2f654602179f30008505c22e8ba9711e423ff61fc4e"
"md","pact-mcp","tea","tea/workflows/testarch/bmad-testarch-test-design/resources/knowledge/pact-mcp.md","77f7a9fa2ee04f6cdd2af2f654602179f30008505c22e8ba9711e423ff61fc4e"
"md","pact-mcp","tea","tea/workflows/testarch/bmad-testarch-test-review/resources/knowledge/pact-mcp.md","77f7a9fa2ee04f6cdd2af2f654602179f30008505c22e8ba9711e423ff61fc4e"
"md","pact-mcp","tea","tea/workflows/testarch/bmad-testarch-trace/resources/knowledge/pact-mcp.md","77f7a9fa2ee04f6cdd2af2f654602179f30008505c22e8ba9711e423ff61fc4e"
"md","pactjs-utils-consumer-helpers","tea","tea/agents/bmad-tea/resources/knowledge/pactjs-utils-consumer-helpers.md","de0efb6edd92e9e8f731132d02280c4edee882c3b58a9a1b37a027e95986b2ca"
"md","pactjs-utils-consumer-helpers","tea","tea/workflows/testarch/bmad-testarch-atdd/resources/knowledge/pactjs-utils-consumer-helpers.md","de0efb6edd92e9e8f731132d02280c4edee882c3b58a9a1b37a027e95986b2ca"
"md","pactjs-utils-consumer-helpers","tea","tea/workflows/testarch/bmad-testarch-automate/resources/knowledge/pactjs-utils-consumer-helpers.md","de0efb6edd92e9e8f731132d02280c4edee882c3b58a9a1b37a027e95986b2ca"
"md","pactjs-utils-consumer-helpers","tea","tea/workflows/testarch/bmad-testarch-ci/resources/knowledge/pactjs-utils-consumer-helpers.md","de0efb6edd92e9e8f731132d02280c4edee882c3b58a9a1b37a027e95986b2ca"
"md","pactjs-utils-consumer-helpers","tea","tea/workflows/testarch/bmad-testarch-framework/resources/knowledge/pactjs-utils-consumer-helpers.md","de0efb6edd92e9e8f731132d02280c4edee882c3b58a9a1b37a027e95986b2ca"
"md","pactjs-utils-consumer-helpers","tea","tea/workflows/testarch/bmad-testarch-nfr/resources/knowledge/pactjs-utils-consumer-helpers.md","de0efb6edd92e9e8f731132d02280c4edee882c3b58a9a1b37a027e95986b2ca"
"md","pactjs-utils-consumer-helpers","tea","tea/workflows/testarch/bmad-testarch-test-design/resources/knowledge/pactjs-utils-consumer-helpers.md","de0efb6edd92e9e8f731132d02280c4edee882c3b58a9a1b37a027e95986b2ca"
"md","pactjs-utils-consumer-helpers","tea","tea/workflows/testarch/bmad-testarch-test-review/resources/knowledge/pactjs-utils-consumer-helpers.md","de0efb6edd92e9e8f731132d02280c4edee882c3b58a9a1b37a027e95986b2ca"
"md","pactjs-utils-consumer-helpers","tea","tea/workflows/testarch/bmad-testarch-trace/resources/knowledge/pactjs-utils-consumer-helpers.md","de0efb6edd92e9e8f731132d02280c4edee882c3b58a9a1b37a027e95986b2ca"
"md","pactjs-utils-mandate","tea","tea/agents/bmad-tea/resources/knowledge/pactjs-utils-mandate.md","74b1dae511c46a2c3255f20b3a7405226ed7eceb47246d809f4388520e7ba529"
"md","pactjs-utils-mandate","tea","tea/workflows/testarch/bmad-testarch-atdd/resources/knowledge/pactjs-utils-mandate.md","74b1dae511c46a2c3255f20b3a7405226ed7eceb47246d809f4388520e7ba529"
"md","pactjs-utils-mandate","tea","tea/workflows/testarch/bmad-testarch-automate/resources/knowledge/pactjs-utils-mandate.md","74b1dae511c46a2c3255f20b3a7405226ed7eceb47246d809f4388520e7ba529"
"md","pactjs-utils-mandate","tea","tea/workflows/testarch/bmad-testarch-ci/resources/knowledge/pactjs-utils-mandate.md","74b1dae511c46a2c3255f20b3a7405226ed7eceb47246d809f4388520e7ba529"
"md","pactjs-utils-mandate","tea","tea/workflows/testarch/bmad-testarch-framework/resources/knowledge/pactjs-utils-mandate.md","74b1dae511c46a2c3255f20b3a7405226ed7eceb47246d809f4388520e7ba529"
"md","pactjs-utils-mandate","tea","tea/workflows/testarch/bmad-testarch-nfr/resources/knowledge/pactjs-utils-mandate.md","74b1dae511c46a2c3255f20b3a7405226ed7eceb47246d809f4388520e7ba529"
"md","pactjs-utils-mandate","tea","tea/workflows/testarch/bmad-testarch-test-design/resources/knowledge/pactjs-utils-mandate.md","74b1dae511c46a2c3255f20b3a7405226ed7eceb47246d809f4388520e7ba529"
"md","pactjs-utils-mandate","tea","tea/workflows/testarch/bmad-testarch-test-review/resources/knowledge/pactjs-utils-mandate.md","74b1dae511c46a2c3255f20b3a7405226ed7eceb47246d809f4388520e7ba529"
"md","pactjs-utils-mandate","tea","tea/workflows/testarch/bmad-testarch-trace/resources/knowledge/pactjs-utils-mandate.md","74b1dae511c46a2c3255f20b3a7405226ed7eceb47246d809f4388520e7ba529"
"md","pactjs-utils-overview","tea","tea/agents/bmad-tea/resources/knowledge/pactjs-utils-overview.md","7403189c1388e3a4186b90d998b6042561ab73f80b5130cb4c787ca07b5d2ef9"
"md","pactjs-utils-overview","tea","tea/workflows/testarch/bmad-testarch-atdd/resources/knowledge/pactjs-utils-overview.md","7403189c1388e3a4186b90d998b6042561ab73f80b5130cb4c787ca07b5d2ef9"
"md","pactjs-utils-overview","tea","tea/workflows/testarch/bmad-testarch-automate/resources/knowledge/pactjs-utils-overview.md","7403189c1388e3a4186b90d998b6042561ab73f80b5130cb4c787ca07b5d2ef9"
"md","pactjs-utils-overview","tea","tea/workflows/testarch/bmad-testarch-ci/resources/knowledge/pactjs-utils-overview.md","7403189c1388e3a4186b90d998b6042561ab73f80b5130cb4c787ca07b5d2ef9"
"md","pactjs-utils-overview","tea","tea/workflows/testarch/bmad-testarch-framework/resources/knowledge/pactjs-utils-overview.md","7403189c1388e3a4186b90d998b6042561ab73f80b5130cb4c787ca07b5d2ef9"
"md","pactjs-utils-overview","tea","tea/workflows/testarch/bmad-testarch-nfr/resources/knowledge/pactjs-utils-overview.md","7403189c1388e3a4186b90d998b6042561ab73f80b5130cb4c787ca07b5d2ef9"
"md","pactjs-utils-overview","tea","tea/workflows/testarch/bmad-testarch-test-design/resources/knowledge/pactjs-utils-overview.md","7403189c1388e3a4186b90d998b6042561ab73f80b5130cb4c787ca07b5d2ef9"
"md","pactjs-utils-overview","tea","tea/workflows/testarch/bmad-testarch-test-review/resources/knowledge/pactjs-utils-overview.md","7403189c1388e3a4186b90d998b6042561ab73f80b5130cb4c787ca07b5d2ef9"
"md","pactjs-utils-overview","tea","tea/workflows/testarch/bmad-testarch-trace/resources/knowledge/pactjs-utils-overview.md","7403189c1388e3a4186b90d998b6042561ab73f80b5130cb4c787ca07b5d2ef9"
"md","pactjs-utils-provider-verifier","tea","tea/agents/bmad-tea/resources/knowledge/pactjs-utils-provider-verifier.md","1c882c7ce145d7e9d12e6c39306947f7ab9897ad27633b638975502ea51431fd"
"md","pactjs-utils-provider-verifier","tea","tea/workflows/testarch/bmad-testarch-atdd/resources/knowledge/pactjs-utils-provider-verifier.md","1c882c7ce145d7e9d12e6c39306947f7ab9897ad27633b638975502ea51431fd"
"md","pactjs-utils-provider-verifier","tea","tea/workflows/testarch/bmad-testarch-automate/resources/knowledge/pactjs-utils-provider-verifier.md","1c882c7ce145d7e9d12e6c39306947f7ab9897ad27633b638975502ea51431fd"
"md","pactjs-utils-provider-verifier","tea","tea/workflows/testarch/bmad-testarch-ci/resources/knowledge/pactjs-utils-provider-verifier.md","1c882c7ce145d7e9d12e6c39306947f7ab9897ad27633b638975502ea51431fd"
"md","pactjs-utils-provider-verifier","tea","tea/workflows/testarch/bmad-testarch-framework/resources/knowledge/pactjs-utils-provider-verifier.md","1c882c7ce145d7e9d12e6c39306947f7ab9897ad27633b638975502ea51431fd"
"md","pactjs-utils-provider-verifier","tea","tea/workflows/testarch/bmad-testarch-nfr/resources/knowledge/pactjs-utils-provider-verifier.md","1c882c7ce145d7e9d12e6c39306947f7ab9897ad27633b638975502ea51431fd"
"md","pactjs-utils-provider-verifier","tea","tea/workflows/testarch/bmad-testarch-test-design/resources/knowledge/pactjs-utils-provider-verifier.md","1c882c7ce145d7e9d12e6c39306947f7ab9897ad27633b638975502ea51431fd"
"md","pactjs-utils-provider-verifier","tea","tea/workflows/testarch/bmad-testarch-test-review/resources/knowledge/pactjs-utils-provider-verifier.md","1c882c7ce145d7e9d12e6c39306947f7ab9897ad27633b638975502ea51431fd"
"md","pactjs-utils-provider-verifier","tea","tea/workflows/testarch/bmad-testarch-trace/resources/knowledge/pactjs-utils-provider-verifier.md","1c882c7ce145d7e9d12e6c39306947f7ab9897ad27633b638975502ea51431fd"
"md","pactjs-utils-request-filter","tea","tea/agents/bmad-tea/resources/knowledge/pactjs-utils-request-filter.md","ca3aa1b6e6b4caa7aa63882b3803bf252f359af32374082c7148095468b1c020"
"md","pactjs-utils-request-filter","tea","tea/workflows/testarch/bmad-testarch-atdd/resources/knowledge/pactjs-utils-request-filter.md","ca3aa1b6e6b4caa7aa63882b3803bf252f359af32374082c7148095468b1c020"
"md","pactjs-utils-request-filter","tea","tea/workflows/testarch/bmad-testarch-automate/resources/knowledge/pactjs-utils-request-filter.md","ca3aa1b6e6b4caa7aa63882b3803bf252f359af32374082c7148095468b1c020"
"md","pactjs-utils-request-filter","tea","tea/workflows/testarch/bmad-testarch-ci/resources/knowledge/pactjs-utils-request-filter.md","ca3aa1b6e6b4caa7aa63882b3803bf252f359af32374082c7148095468b1c020"
"md","pactjs-utils-request-filter","tea","tea/workflows/testarch/bmad-testarch-framework/resources/knowledge/pactjs-utils-request-filter.md","ca3aa1b6e6b4caa7aa63882b3803bf252f359af32374082c7148095468b1c020"
"md","pactjs-utils-request-filter","tea","tea/workflows/testarch/bmad-testarch-nfr/resources/knowledge/pactjs-utils-request-filter.md","ca3aa1b6e6b4caa7aa63882b3803bf252f359af32374082c7148095468b1c020"
"md","pactjs-utils-request-filter","tea","tea/workflows/testarch/bmad-testarch-test-design/resources/knowledge/pactjs-utils-request-filter.md","ca3aa1b6e6b4caa7aa63882b3803bf252f359af32374082c7148095468b1c020"
"md","pactjs-utils-request-filter","tea","tea/workflows/testarch/bmad-testarch-test-review/resources/knowledge/pactjs-utils-request-filter.md","ca3aa1b6e6b4caa7aa63882b3803bf252f359af32374082c7148095468b1c020"
"md","pactjs-utils-request-filter","tea","tea/workflows/testarch/bmad-testarch-trace/resources/knowledge/pactjs-utils-request-filter.md","ca3aa1b6e6b4caa7aa63882b3803bf252f359af32374082c7148095468b1c020"
"md","pactjs-utils-zod-to-pact","tea","tea/agents/bmad-tea/resources/knowledge/pactjs-utils-zod-to-pact.md","a02b0859122ef4f720818ea78a149799202d0baf7852936f05a2f5d0c49935a8"
"md","pactjs-utils-zod-to-pact","tea","tea/workflows/testarch/bmad-testarch-atdd/resources/knowledge/pactjs-utils-zod-to-pact.md","a02b0859122ef4f720818ea78a149799202d0baf7852936f05a2f5d0c49935a8"
"md","pactjs-utils-zod-to-pact","tea","tea/workflows/testarch/bmad-testarch-automate/resources/knowledge/pactjs-utils-zod-to-pact.md","a02b0859122ef4f720818ea78a149799202d0baf7852936f05a2f5d0c49935a8"
"md","pactjs-utils-zod-to-pact","tea","tea/workflows/testarch/bmad-testarch-ci/resources/knowledge/pactjs-utils-zod-to-pact.md","a02b0859122ef4f720818ea78a149799202d0baf7852936f05a2f5d0c49935a8"
"md","pactjs-utils-zod-to-pact","tea","tea/workflows/testarch/bmad-testarch-framework/resources/knowledge/pactjs-utils-zod-to-pact.md","a02b0859122ef4f720818ea78a149799202d0baf7852936f05a2f5d0c49935a8"
"md","pactjs-utils-zod-to-pact","tea","tea/workflows/testarch/bmad-testarch-nfr/resources/knowledge/pactjs-utils-zod-to-pact.md","a02b0859122ef4f720818ea78a149799202d0baf7852936f05a2f5d0c49935a8"
"md","pactjs-utils-zod-to-pact","tea","tea/workflows/testarch/bmad-testarch-test-design/resources/knowledge/pactjs-utils-zod-to-pact.md","a02b0859122ef4f720818ea78a149799202d0baf7852936f05a2f5d0c49935a8"
"md","pactjs-utils-zod-to-pact","tea","tea/workflows/testarch/bmad-testarch-test-review/resources/knowledge/pactjs-utils-zod-to-pact.md","a02b0859122ef4f720818ea78a149799202d0baf7852936f05a2f5d0c49935a8"
"md","pactjs-utils-zod-to-pact","tea","tea/workflows/testarch/bmad-testarch-trace/resources/knowledge/pactjs-utils-zod-to-pact.md","a02b0859122ef4f720818ea78a149799202d0baf7852936f05a2f5d0c49935a8"
"md","playwright-cli","tea","tea/agents/bmad-tea/resources/knowledge/playwright-cli.md","42be3dd79dd2e3afdef70b6901f765aaeed59ccbc6367533135092ea9cd41c9e"
"md","playwright-cli","tea","tea/workflows/testarch/bmad-testarch-atdd/resources/knowledge/playwright-cli.md","42be3dd79dd2e3afdef70b6901f765aaeed59ccbc6367533135092ea9cd41c9e"
"md","playwright-cli","tea","tea/workflows/testarch/bmad-testarch-automate/resources/knowledge/playwright-cli.md","42be3dd79dd2e3afdef70b6901f765aaeed59ccbc6367533135092ea9cd41c9e"
"md","playwright-cli","tea","tea/workflows/testarch/bmad-testarch-ci/resources/knowledge/playwright-cli.md","42be3dd79dd2e3afdef70b6901f765aaeed59ccbc6367533135092ea9cd41c9e"
"md","playwright-cli","tea","tea/workflows/testarch/bmad-testarch-framework/resources/knowledge/playwright-cli.md","42be3dd79dd2e3afdef70b6901f765aaeed59ccbc6367533135092ea9cd41c9e"
"md","playwright-cli","tea","tea/workflows/testarch/bmad-testarch-nfr/resources/knowledge/playwright-cli.md","42be3dd79dd2e3afdef70b6901f765aaeed59ccbc6367533135092ea9cd41c9e"
"md","playwright-cli","tea","tea/workflows/testarch/bmad-testarch-test-design/resources/knowledge/playwright-cli.md","42be3dd79dd2e3afdef70b6901f765aaeed59ccbc6367533135092ea9cd41c9e"
"md","playwright-cli","tea","tea/workflows/testarch/bmad-testarch-test-review/resources/knowledge/playwright-cli.md","42be3dd79dd2e3afdef70b6901f765aaeed59ccbc6367533135092ea9cd41c9e"
"md","playwright-cli","tea","tea/workflows/testarch/bmad-testarch-trace/resources/knowledge/playwright-cli.md","42be3dd79dd2e3afdef70b6901f765aaeed59ccbc6367533135092ea9cd41c9e"
"md","playwright-config","tea","tea/agents/bmad-tea/resources/knowledge/playwright-config.md","6f7cbf42be005165f68d50090bf0e86227cd401b8e0119ad9e65e7cb2a05644e"
"md","playwright-config","tea","tea/workflows/testarch/bmad-testarch-atdd/resources/knowledge/playwright-config.md","6f7cbf42be005165f68d50090bf0e86227cd401b8e0119ad9e65e7cb2a05644e"
"md","playwright-config","tea","tea/workflows/testarch/bmad-testarch-automate/resources/knowledge/playwright-config.md","6f7cbf42be005165f68d50090bf0e86227cd401b8e0119ad9e65e7cb2a05644e"
"md","playwright-config","tea","tea/workflows/testarch/bmad-testarch-ci/resources/knowledge/playwright-config.md","6f7cbf42be005165f68d50090bf0e86227cd401b8e0119ad9e65e7cb2a05644e"
"md","playwright-config","tea","tea/workflows/testarch/bmad-testarch-framework/resources/knowledge/playwright-config.md","6f7cbf42be005165f68d50090bf0e86227cd401b8e0119ad9e65e7cb2a05644e"
"md","playwright-config","tea","tea/workflows/testarch/bmad-testarch-nfr/resources/knowledge/playwright-config.md","6f7cbf42be005165f68d50090bf0e86227cd401b8e0119ad9e65e7cb2a05644e"
"md","playwright-config","tea","tea/workflows/testarch/bmad-testarch-test-design/resources/knowledge/playwright-config.md","6f7cbf42be005165f68d50090bf0e86227cd401b8e0119ad9e65e7cb2a05644e"
"md","playwright-config","tea","tea/workflows/testarch/bmad-testarch-test-review/resources/knowledge/playwright-config.md","6f7cbf42be005165f68d50090bf0e86227cd401b8e0119ad9e65e7cb2a05644e"
"md","playwright-config","tea","tea/workflows/testarch/bmad-testarch-trace/resources/knowledge/playwright-config.md","6f7cbf42be005165f68d50090bf0e86227cd401b8e0119ad9e65e7cb2a05644e"
"md","playwright-utils-mandate","tea","tea/agents/bmad-tea/resources/knowledge/playwright-utils-mandate.md","d59b1a6e29d6b39dbf0dbf5e7b5f8d007a90cd979d47e437661a6fd85d8a73ed"
"md","playwright-utils-mandate","tea","tea/workflows/testarch/bmad-testarch-atdd/resources/knowledge/playwright-utils-mandate.md","d59b1a6e29d6b39dbf0dbf5e7b5f8d007a90cd979d47e437661a6fd85d8a73ed"
"md","playwright-utils-mandate","tea","tea/workflows/testarch/bmad-testarch-automate/resources/knowledge/playwright-utils-mandate.md","d59b1a6e29d6b39dbf0dbf5e7b5f8d007a90cd979d47e437661a6fd85d8a73ed"
"md","playwright-utils-mandate","tea","tea/workflows/testarch/bmad-testarch-ci/resources/knowledge/playwright-utils-mandate.md","d59b1a6e29d6b39dbf0dbf5e7b5f8d007a90cd979d47e437661a6fd85d8a73ed"
"md","playwright-utils-mandate","tea","tea/workflows/testarch/bmad-testarch-framework/resources/knowledge/playwright-utils-mandate.md","d59b1a6e29d6b39dbf0dbf5e7b5f8d007a90cd979d47e437661a6fd85d8a73ed"
"md","playwright-utils-mandate","tea","tea/workflows/testarch/bmad-testarch-nfr/resources/knowledge/playwright-utils-mandate.md","d59b1a6e29d6b39dbf0dbf5e7b5f8d007a90cd979d47e437661a6fd85d8a73ed"
"md","playwright-utils-mandate","tea","tea/workflows/testarch/bmad-testarch-test-design/resources/knowledge/playwright-utils-mandate.md","d59b1a6e29d6b39dbf0dbf5e7b5f8d007a90cd979d47e437661a6fd85d8a73ed"
"md","playwright-utils-mandate","tea","tea/workflows/testarch/bmad-testarch-test-review/resources/knowledge/playwright-utils-mandate.md","d59b1a6e29d6b39dbf0dbf5e7b5f8d007a90cd979d47e437661a6fd85d8a73ed"
"md","playwright-utils-mandate","tea","tea/workflows/testarch/bmad-testarch-trace/resources/knowledge/playwright-utils-mandate.md","d59b1a6e29d6b39dbf0dbf5e7b5f8d007a90cd979d47e437661a6fd85d8a73ed"
"md","probability-impact","tea","tea/agents/bmad-tea/resources/knowledge/probability-impact.md","3a73880070a9a1508a3058c7744aaf6b7fb78c844fe368ed6478e59e719cad10"
"md","probability-impact","tea","tea/workflows/testarch/bmad-testarch-atdd/resources/knowledge/probability-impact.md","3a73880070a9a1508a3058c7744aaf6b7fb78c844fe368ed6478e59e719cad10"
"md","probability-impact","tea","tea/workflows/testarch/bmad-testarch-automate/resources/knowledge/probability-impact.md","3a73880070a9a1508a3058c7744aaf6b7fb78c844fe368ed6478e59e719cad10"
"md","probability-impact","tea","tea/workflows/testarch/bmad-testarch-ci/resources/knowledge/probability-impact.md","3a73880070a9a1508a3058c7744aaf6b7fb78c844fe368ed6478e59e719cad10"
"md","probability-impact","tea","tea/workflows/testarch/bmad-testarch-framework/resources/knowledge/probability-impact.md","3a73880070a9a1508a3058c7744aaf6b7fb78c844fe368ed6478e59e719cad10"
"md","probability-impact","tea","tea/workflows/testarch/bmad-testarch-nfr/resources/knowledge/probability-impact.md","3a73880070a9a1508a3058c7744aaf6b7fb78c844fe368ed6478e59e719cad10"
"md","probability-impact","tea","tea/workflows/testarch/bmad-testarch-test-design/resources/knowledge/probability-impact.md","3a73880070a9a1508a3058c7744aaf6b7fb78c844fe368ed6478e59e719cad10"
"md","probability-impact","tea","tea/workflows/testarch/bmad-testarch-test-review/resources/knowledge/probability-impact.md","3a73880070a9a1508a3058c7744aaf6b7fb78c844fe368ed6478e59e719cad10"
"md","probability-impact","tea","tea/workflows/testarch/bmad-testarch-trace/resources/knowledge/probability-impact.md","3a73880070a9a1508a3058c7744aaf6b7fb78c844fe368ed6478e59e719cad10"
"md","recurse","tea","tea/agents/bmad-tea/resources/knowledge/recurse.md","cf6e8fa4f0d40098004b36b79262773ae1ebe058a8275b3a6ec3ec4b9c1f6e8c"
"md","recurse","tea","tea/workflows/testarch/bmad-testarch-atdd/resources/knowledge/recurse.md","cf6e8fa4f0d40098004b36b79262773ae1ebe058a8275b3a6ec3ec4b9c1f6e8c"
"md","recurse","tea","tea/workflows/testarch/bmad-testarch-automate/resources/knowledge/recurse.md","cf6e8fa4f0d40098004b36b79262773ae1ebe058a8275b3a6ec3ec4b9c1f6e8c"
"md","recurse","tea","tea/workflows/testarch/bmad-testarch-ci/resources/knowledge/recurse.md","cf6e8fa4f0d40098004b36b79262773ae1ebe058a8275b3a6ec3ec4b9c1f6e8c"
"md","recurse","tea","tea/workflows/testarch/bmad-testarch-framework/resources/knowledge/recurse.md","cf6e8fa4f0d40098004b36b79262773ae1ebe058a8275b3a6ec3ec4b9c1f6e8c"
"md","recurse","tea","tea/workflows/testarch/bmad-testarch-nfr/resources/knowledge/recurse.md","cf6e8fa4f0d40098004b36b79262773ae1ebe058a8275b3a6ec3ec4b9c1f6e8c"
"md","recurse","tea","tea/workflows/testarch/bmad-testarch-test-design/resources/knowledge/recurse.md","cf6e8fa4f0d40098004b36b79262773ae1ebe058a8275b3a6ec3ec4b9c1f6e8c"
"md","recurse","tea","tea/workflows/testarch/bmad-testarch-test-review/resources/knowledge/recurse.md","cf6e8fa4f0d40098004b36b79262773ae1ebe058a8275b3a6ec3ec4b9c1f6e8c"
"md","recurse","tea","tea/workflows/testarch/bmad-testarch-trace/resources/knowledge/recurse.md","cf6e8fa4f0d40098004b36b79262773ae1ebe058a8275b3a6ec3ec4b9c1f6e8c"
"md","risk-governance","tea","tea/agents/bmad-tea/resources/knowledge/risk-governance.md","c496ab24883085dcc178493632fe61fa6b1617c16aa70e186befd587faccda77"
"md","risk-governance","tea","tea/workflows/testarch/bmad-testarch-atdd/resources/knowledge/risk-governance.md","c496ab24883085dcc178493632fe61fa6b1617c16aa70e186befd587faccda77"
"md","risk-governance","tea","tea/workflows/testarch/bmad-testarch-automate/resources/knowledge/risk-governance.md","c496ab24883085dcc178493632fe61fa6b1617c16aa70e186befd587faccda77"
"md","risk-governance","tea","tea/workflows/testarch/bmad-testarch-ci/resources/knowledge/risk-governance.md","c496ab24883085dcc178493632fe61fa6b1617c16aa70e186befd587faccda77"
"md","risk-governance","tea","tea/workflows/testarch/bmad-testarch-framework/resources/knowledge/risk-governance.md","c496ab24883085dcc178493632fe61fa6b1617c16aa70e186befd587faccda77"
"md","risk-governance","tea","tea/workflows/testarch/bmad-testarch-nfr/resources/knowledge/risk-governance.md","c496ab24883085dcc178493632fe61fa6b1617c16aa70e186befd587faccda77"
"md","risk-governance","tea","tea/workflows/testarch/bmad-testarch-test-design/resources/knowledge/risk-governance.md","c496ab24883085dcc178493632fe61fa6b1617c16aa70e186befd587faccda77"
"md","risk-governance","tea","tea/workflows/testarch/bmad-testarch-test-review/resources/knowledge/risk-governance.md","c496ab24883085dcc178493632fe61fa6b1617c16aa70e186befd587faccda77"
"md","risk-governance","tea","tea/workflows/testarch/bmad-testarch-trace/resources/knowledge/risk-governance.md","c496ab24883085dcc178493632fe61fa6b1617c16aa70e186befd587faccda77"
"md","selective-testing","tea","tea/agents/bmad-tea/resources/knowledge/selective-testing.md","99f72ba9117ecfdc8be51346b12d610bfd6e48ea6b6310575c7be7d0766cb5fd"
"md","selective-testing","tea","tea/workflows/testarch/bmad-testarch-atdd/resources/knowledge/selective-testing.md","99f72ba9117ecfdc8be51346b12d610bfd6e48ea6b6310575c7be7d0766cb5fd"
"md","selective-testing","tea","tea/workflows/testarch/bmad-testarch-automate/resources/knowledge/selective-testing.md","99f72ba9117ecfdc8be51346b12d610bfd6e48ea6b6310575c7be7d0766cb5fd"
"md","selective-testing","tea","tea/workflows/testarch/bmad-testarch-ci/resources/knowledge/selective-testing.md","99f72ba9117ecfdc8be51346b12d610bfd6e48ea6b6310575c7be7d0766cb5fd"
"md","selective-testing","tea","tea/workflows/testarch/bmad-testarch-framework/resources/knowledge/selective-testing.md","99f72ba9117ecfdc8be51346b12d610bfd6e48ea6b6310575c7be7d0766cb5fd"
"md","selective-testing","tea","tea/workflows/testarch/bmad-testarch-nfr/resources/knowledge/selective-testing.md","99f72ba9117ecfdc8be51346b12d610bfd6e48ea6b6310575c7be7d0766cb5fd"
"md","selective-testing","tea","tea/workflows/testarch/bmad-testarch-test-design/resources/knowledge/selective-testing.md","99f72ba9117ecfdc8be51346b12d610bfd6e48ea6b6310575c7be7d0766cb5fd"
"md","selective-testing","tea","tea/workflows/testarch/bmad-testarch-test-review/resources/knowledge/selective-testing.md","99f72ba9117ecfdc8be51346b12d610bfd6e48ea6b6310575c7be7d0766cb5fd"
"md","selective-testing","tea","tea/workflows/testarch/bmad-testarch-trace/resources/knowledge/selective-testing.md","99f72ba9117ecfdc8be51346b12d610bfd6e48ea6b6310575c7be7d0766cb5fd"
"md","selector-resilience","tea","tea/agents/bmad-tea/resources/knowledge/selector-resilience.md","baab01dce68b97e87b27036b207ce10b7429a3e111cead0f1662ab726ec355ca"
"md","selector-resilience","tea","tea/workflows/testarch/bmad-testarch-atdd/resources/knowledge/selector-resilience.md","baab01dce68b97e87b27036b207ce10b7429a3e111cead0f1662ab726ec355ca"
"md","selector-resilience","tea","tea/workflows/testarch/bmad-testarch-automate/resources/knowledge/selector-resilience.md","baab01dce68b97e87b27036b207ce10b7429a3e111cead0f1662ab726ec355ca"
"md","selector-resilience","tea","tea/workflows/testarch/bmad-testarch-ci/resources/knowledge/selector-resilience.md","baab01dce68b97e87b27036b207ce10b7429a3e111cead0f1662ab726ec355ca"
"md","selector-resilience","tea","tea/workflows/testarch/bmad-testarch-framework/resources/knowledge/selector-resilience.md","baab01dce68b97e87b27036b207ce10b7429a3e111cead0f1662ab726ec355ca"
"md","selector-resilience","tea","tea/workflows/testarch/bmad-testarch-nfr/resources/knowledge/selector-resilience.md","baab01dce68b97e87b27036b207ce10b7429a3e111cead0f1662ab726ec355ca"
"md","selector-resilience","tea","tea/workflows/testarch/bmad-testarch-test-design/resources/knowledge/selector-resilience.md","baab01dce68b97e87b27036b207ce10b7429a3e111cead0f1662ab726ec355ca"
"md","selector-resilience","tea","tea/workflows/testarch/bmad-testarch-test-review/resources/knowledge/selector-resilience.md","baab01dce68b97e87b27036b207ce10b7429a3e111cead0f1662ab726ec355ca"
"md","selector-resilience","tea","tea/workflows/testarch/bmad-testarch-trace/resources/knowledge/selector-resilience.md","baab01dce68b97e87b27036b207ce10b7429a3e111cead0f1662ab726ec355ca"
"md","session-notes-template","tea","tea/workflows/testarch/bmad-teach-me-testing/templates/session-notes-template.md","bdcc8dac35ed5ce2c7a95ab0fd55b2dfa27e3173ed1f5d78e44f8755514e1c70"
"md","SKILL","tea","tea/agents/bmad-tea/SKILL.md","79f4a18cbadc3d6dd36de6cb7456c2ae7b4dfbf1453485e5fef9167846fc986a"
"md","SKILL","tea","tea/workflows/testarch/bmad-teach-me-testing/SKILL.md","e911864a88874d682e42ef08394513bc79f62841290002093c5260114c350bc3"
"md","SKILL","tea","tea/workflows/testarch/bmad-testarch-atdd/SKILL.md","08e425cf8d7a0f499bb8254ba7f2f125c113e6e50f313ebff46de8b0f1eb7826"
"md","SKILL","tea","tea/workflows/testarch/bmad-testarch-automate/SKILL.md","eb817c6dbdb66391e3953b6c0ed0488c2bafdce00ac8b38705d428692586af26"
"md","SKILL","tea","tea/workflows/testarch/bmad-testarch-ci/SKILL.md","3d70fe8ade272f1b76e95fd6d66c866f3faec3811dc5c371fc774f8f7155be34"
"md","SKILL","tea","tea/workflows/testarch/bmad-testarch-framework/SKILL.md","cdfe744261ef8f6dcb542aa89caa2ba02460fba037ebbba38277967a197b5647"
"md","SKILL","tea","tea/workflows/testarch/bmad-testarch-nfr/SKILL.md","bd17dd91ca66d28ac7096466783cf3355294a35b8e5a9b068d37013639393b28"
"md","SKILL","tea","tea/workflows/testarch/bmad-testarch-test-design/SKILL.md","82c76fcafc36db03b1448d680f1b93ebe7149e8755045dbf182983b9560dc885"
"md","SKILL","tea","tea/workflows/testarch/bmad-testarch-test-review/SKILL.md","67925ce44c7084e3fef304ddacb173d6e9634871211fb12d866ce462e957812d"
"md","SKILL","tea","tea/workflows/testarch/bmad-testarch-trace/SKILL.md","8b53137f92ab7d964c12b8dcec8b1825cb6a6e84b64fa9d98459d3a589141eb1"
"md","step-01-assess","tea","tea/workflows/testarch/bmad-testarch-atdd/steps-e/step-01-assess.md","3b6b684b315dcb484e36fa5edadbd3b6e7c82d0b848a3a850ea528335254b9c2"
"md","step-01-assess","tea","tea/workflows/testarch/bmad-testarch-automate/steps-e/step-01-assess.md","3b6b684b315dcb484e36fa5edadbd3b6e7c82d0b848a3a850ea528335254b9c2"
"md","step-01-assess","tea","tea/workflows/testarch/bmad-testarch-ci/steps-e/step-01-assess.md","3b6b684b315dcb484e36fa5edadbd3b6e7c82d0b848a3a850ea528335254b9c2"
"md","step-01-assess","tea","tea/workflows/testarch/bmad-testarch-framework/steps-e/step-01-assess.md","3b6b684b315dcb484e36fa5edadbd3b6e7c82d0b848a3a850ea528335254b9c2"
"md","step-01-assess","tea","tea/workflows/testarch/bmad-testarch-nfr/steps-e/step-01-assess.md","3b6b684b315dcb484e36fa5edadbd3b6e7c82d0b848a3a850ea528335254b9c2"
"md","step-01-assess","tea","tea/workflows/testarch/bmad-testarch-test-design/steps-e/step-01-assess.md","3b6b684b315dcb484e36fa5edadbd3b6e7c82d0b848a3a850ea528335254b9c2"
"md","step-01-assess","tea","tea/workflows/testarch/bmad-testarch-test-review/steps-e/step-01-assess.md","3b6b684b315dcb484e36fa5edadbd3b6e7c82d0b848a3a850ea528335254b9c2"
"md","step-01-assess","tea","tea/workflows/testarch/bmad-testarch-trace/steps-e/step-01-assess.md","3b6b684b315dcb484e36fa5edadbd3b6e7c82d0b848a3a850ea528335254b9c2"
"md","step-01-detect-mode","tea","tea/workflows/testarch/bmad-testarch-test-design/steps-c/step-01-detect-mode.md","bde46fb32a38b34af13521ec7213969e0f680487e9670290c554e59625f2bb16"
"md","step-01-init","tea","tea/workflows/testarch/bmad-teach-me-testing/steps-c/step-01-init.md","f79263820de8c26f4211aefc5d41dabcdd49aa9696564956680b1590bb7ca3c4"
"md","step-01-load-context","tea","tea/workflows/testarch/bmad-testarch-nfr/steps-c/step-01-load-context.md","cc8bdb73aefa580ae6caae7b6adfde901d12fa97e24081ad199b28d40b61c0b3"
"md","step-01-load-context","tea","tea/workflows/testarch/bmad-testarch-test-review/steps-c/step-01-load-context.md","aea2f31da3afd707d1586231c9780a798df2a9eb26ac934b24a0b17bb08b0a36"
"md","step-01-load-context","tea","tea/workflows/testarch/bmad-testarch-trace/steps-c/step-01-load-context.md","7a1d429c579968379f8b871b6900e86cef5a5ba154458017db3da36764bb732d"
"md","step-01-preflight","tea","tea/workflows/testarch/bmad-testarch-ci/steps-c/step-01-preflight.md","98cd15f9ae9da3aab459239d44c7b025142d2a71d05031436f575e018ff603e6"
"md","step-01-preflight","tea","tea/workflows/testarch/bmad-testarch-framework/steps-c/step-01-preflight.md","51d284aea0f1883633ff65f21fd91fb5ee1608da87a307d27af56b00dec2a833"
"md","step-01-preflight-and-context","tea","tea/workflows/testarch/bmad-testarch-atdd/steps-c/step-01-preflight-and-context.md","368f4bfefafbfb009b49df033662827b065479f5a47ee05501924ff2fdf77e12"
"md","step-01-preflight-and-context","tea","tea/workflows/testarch/bmad-testarch-automate/steps-c/step-01-preflight-and-context.md","4be5f62e5ad6c37b2d77a2c55c00d66071b981bd674ee91e95ffc837b586128c"
"md","step-01-validate","tea","tea/workflows/testarch/bmad-testarch-atdd/steps-v/step-01-validate.md","1e7783ada84a11d1a62630c78f0d5dea9163f7399ee76094dc1db6bd7f8b27a9"
"md","step-01-validate","tea","tea/workflows/testarch/bmad-testarch-automate/steps-v/step-01-validate.md","125ba0bda6bfcf2cb7fd645da958495c55779ccd0169988e89c8585cbabfbd3a"
"md","step-01-validate","tea","tea/workflows/testarch/bmad-testarch-ci/steps-v/step-01-validate.md","ae08d692acfbd24076f86007445a6d4bbfc35b028f43b21c697e71bcb0398a98"
"md","step-01-validate","tea","tea/workflows/testarch/bmad-testarch-framework/steps-v/step-01-validate.md","50df977b589edb18a9c42e24a4eaab1bbea7625ce9b9c967df2198944b255b33"
"md","step-01-validate","tea","tea/workflows/testarch/bmad-testarch-nfr/steps-v/step-01-validate.md","41d09f1acdc025fa709c7334096f365f4be6baa445aab62e99ddf4f62b5d187f"
"md","step-01-validate","tea","tea/workflows/testarch/bmad-testarch-test-design/steps-v/step-01-validate.md","bd5dbff51e9f1740e410d1e0c161886e37195ffdf3632d429f12d804f7e8b1e2"
"md","step-01-validate","tea","tea/workflows/testarch/bmad-testarch-test-review/steps-v/step-01-validate.md","b279578004157dba1a96662f928f260a0a058ca545d9a384165f49a9bd8516ff"
"md","step-01-validate","tea","tea/workflows/testarch/bmad-testarch-trace/steps-v/step-01-validate.md","eece1a4a2512c2d6fcfe80bb47df88b672e1f286aff64ca98e8016576a520ed4"
"md","step-01b-continue","tea","tea/workflows/testarch/bmad-teach-me-testing/steps-c/step-01b-continue.md","1439cc4616a5c4466190f342253a20aa6178f8bdb8bb50c8195185ca35f8ea07"
"md","step-01b-resume","tea","tea/workflows/testarch/bmad-testarch-atdd/steps-c/step-01b-resume.md","45f951a8606c4de5ff2d0a7e809c12e50483a3a9e347eda3ed485c79b986ac5f"
"md","step-01b-resume","tea","tea/workflows/testarch/bmad-testarch-automate/steps-c/step-01b-resume.md","60153862c91240326628d85284357dbd7688636b43c5a04c00a96926aeb71d3b"
"md","step-01b-resume","tea","tea/workflows/testarch/bmad-testarch-ci/steps-c/step-01b-resume.md","b1e63561bfc0808481e6c408c94d4c1fcf12e0b204c8a9d9d0974040ab65d02d"
"md","step-01b-resume","tea","tea/workflows/testarch/bmad-testarch-framework/steps-c/step-01b-resume.md","c9e5bffd9fa15d28089442b960e3fb6c72a2f04c6cae911378d7362af9b77296"
"md","step-01b-resume","tea","tea/workflows/testarch/bmad-testarch-nfr/steps-c/step-01b-resume.md","976d7a9e3c288c70e9fbac33c13513884029d2d667337b422c3a25d8fd7717f8"
"md","step-01b-resume","tea","tea/workflows/testarch/bmad-testarch-test-design/steps-c/step-01b-resume.md","d75ad5d432f19ad27d01c199e3810faea64aef2cb23f6c3e1deba81cbf29d84b"
"md","step-01b-resume","tea","tea/workflows/testarch/bmad-testarch-test-review/steps-c/step-01b-resume.md","b6ad916e23f7c6a6d49bac4c24534c8155721f357b2253ee9f0e576188d6bfa1"
"md","step-01b-resume","tea","tea/workflows/testarch/bmad-testarch-trace/steps-c/step-01b-resume.md","8acc6fe769e7b99daa1f4c446ec3130bae804d969b4b1166f6d8b4220bcf7b08"
"md","step-02-apply-edit","tea","tea/workflows/testarch/bmad-testarch-atdd/steps-e/step-02-apply-edit.md","e91adf57c17b5d8f984fe4a1fc1090910ee0a6bb31e81dae19af8ca06e406e0a"
"md","step-02-apply-edit","tea","tea/workflows/testarch/bmad-testarch-automate/steps-e/step-02-apply-edit.md","e91adf57c17b5d8f984fe4a1fc1090910ee0a6bb31e81dae19af8ca06e406e0a"
"md","step-02-apply-edit","tea","tea/workflows/testarch/bmad-testarch-ci/steps-e/step-02-apply-edit.md","e91adf57c17b5d8f984fe4a1fc1090910ee0a6bb31e81dae19af8ca06e406e0a"
"md","step-02-apply-edit","tea","tea/workflows/testarch/bmad-testarch-framework/steps-e/step-02-apply-edit.md","e91adf57c17b5d8f984fe4a1fc1090910ee0a6bb31e81dae19af8ca06e406e0a"
"md","step-02-apply-edit","tea","tea/workflows/testarch/bmad-testarch-nfr/steps-e/step-02-apply-edit.md","e91adf57c17b5d8f984fe4a1fc1090910ee0a6bb31e81dae19af8ca06e406e0a"
"md","step-02-apply-edit","tea","tea/workflows/testarch/bmad-testarch-test-design/steps-e/step-02-apply-edit.md","e91adf57c17b5d8f984fe4a1fc1090910ee0a6bb31e81dae19af8ca06e406e0a"
"md","step-02-apply-edit","tea","tea/workflows/testarch/bmad-testarch-test-review/steps-e/step-02-apply-edit.md","e91adf57c17b5d8f984fe4a1fc1090910ee0a6bb31e81dae19af8ca06e406e0a"
"md","step-02-apply-edit","tea","tea/workflows/testarch/bmad-testarch-trace/steps-e/step-02-apply-edit.md","e91adf57c17b5d8f984fe4a1fc1090910ee0a6bb31e81dae19af8ca06e406e0a"
"md","step-02-assess","tea","tea/workflows/testarch/bmad-teach-me-testing/steps-c/step-02-assess.md","6a40830751d93b7262e8042d6d88cff7e38464f39e88775137e4d3ed913d7fd3"
"md","step-02-define-thresholds","tea","tea/workflows/testarch/bmad-testarch-nfr/steps-c/step-02-define-thresholds.md","80fbd1eaae36cb60f0f36d0323472b939747febd6281b85b9cd574b82e4e3884"
"md","step-02-discover-tests","tea","tea/workflows/testarch/bmad-testarch-test-review/steps-c/step-02-discover-tests.md","c53dcce3620e2eb72c35f95f46e9a8ee1242df94615b002c4ae0417776208a15"
"md","step-02-discover-tests","tea","tea/workflows/testarch/bmad-testarch-trace/steps-c/step-02-discover-tests.md","565238346b0bfd7eb81c12b15f3d2666ef91c743b080cde6fc75a6ba484ec90a"
"md","step-02-generate-pipeline","tea","tea/workflows/testarch/bmad-testarch-ci/steps-c/step-02-generate-pipeline.md","2cb7c528bc760416613a62eb179c4428f83e73c90bd6f033079b601fa2e0ba30"
"md","step-02-generation-mode","tea","tea/workflows/testarch/bmad-testarch-atdd/steps-c/step-02-generation-mode.md","0edcf6694ef40be0a2bd3f39766399fb52b29fadd51ef77a3c1d3dfa96f4a4e1"
"md","step-02-identify-targets","tea","tea/workflows/testarch/bmad-testarch-automate/steps-c/step-02-identify-targets.md","e7cf3fa4cedcd134d25e480d24d04f34954b87926bc7fcf240823c58798e16a3"
"md","step-02-load-context","tea","tea/workflows/testarch/bmad-testarch-test-design/steps-c/step-02-load-context.md","678ebd0fe600c5a1acf9b4515f93e98d35ad8f83cf107c7dfbff32b4d5a2d14d"
"md","step-02-select-framework","tea","tea/workflows/testarch/bmad-testarch-framework/steps-c/step-02-select-framework.md","0e3b9220c75a1c27f746335aacb76f451b54c7da7c7330adfb3f1799ca02061c"
"md","step-03-configure-quality-gates","tea","tea/workflows/testarch/bmad-testarch-ci/steps-c/step-03-configure-quality-gates.md","c5a74e9f7852f46ca8a16f193af42d6dc951c4371c41c401a76abd7b6c0c52c4"
"md","step-03-gather-evidence","tea","tea/workflows/testarch/bmad-testarch-nfr/steps-c/step-03-gather-evidence.md","559f6599db9707a9f2a034f7b0301f2c9e47b95b9a9861c67699760a41050f5b"
"md","step-03-generate-tests","tea","tea/workflows/testarch/bmad-testarch-automate/steps-c/step-03-generate-tests.md","c1b844c82d0097e9b89790d1fc9c59bc116afa9becfd97fe379fdfe17225f0d6"
"md","step-03-map-criteria","tea","tea/workflows/testarch/bmad-testarch-trace/steps-c/step-03-map-criteria.md","5e2087c51e6c24dd1933110ac7a015524111839958cf30817b7c69a9f7294f8e"
"md","step-03-quality-evaluation","tea","tea/workflows/testarch/bmad-testarch-test-review/steps-c/step-03-quality-evaluation.md","c14c39667b06a09e5664e08b42aeb58ec6807ed6a545f29f10e1891b8cb3d268"
"md","step-03-risk-and-testability","tea","tea/workflows/testarch/bmad-testarch-test-design/steps-c/step-03-risk-and-testability.md","6fb3c5db7d6c509c9f1f2d640ad62f19936d9544ec4e39b78cbe4981135815bc"
"md","step-03-scaffold-framework","tea","tea/workflows/testarch/bmad-testarch-framework/steps-c/step-03-scaffold-framework.md","979bbc9a782b2f5cf73c83d189f6054cef6d8874d221b188d19a77175d839247"
"md","step-03-session-menu","tea","tea/workflows/testarch/bmad-teach-me-testing/steps-c/step-03-session-menu.md","98fdb39dc5ce78312c137b7f9f4ac7fc7d6355924f30056f3fb62f8d72e0a561"
"md","step-03-test-strategy","tea","tea/workflows/testarch/bmad-testarch-atdd/steps-c/step-03-test-strategy.md","0812d3e290a7348183f73e6f883118bb2bfd63286a0050b2548c96026cb80468"
"md","step-03a-subagent-api","tea","tea/workflows/testarch/bmad-testarch-automate/steps-c/step-03a-subagent-api.md","6510536bd81f8286c9a54dddf8fa558bbe987425c1fb78eb7bd60b545284b82e"
"md","step-03a-subagent-determinism","tea","tea/workflows/testarch/bmad-testarch-test-review/steps-c/step-03a-subagent-determinism.md","ea5021321693d2f408d7aced9b4fdd65357d88c62bc6abb34132129d8b37eceb"
"md","step-03b-subagent-backend","tea","tea/workflows/testarch/bmad-testarch-automate/steps-c/step-03b-subagent-backend.md","a618d48ba9d8cb4b412b5bf455dc7cf883448b7f2fa6ab832424bbd255fa1844"
"md","step-03b-subagent-e2e","tea","tea/workflows/testarch/bmad-testarch-automate/steps-c/step-03b-subagent-e2e.md","3af11a3e073355e2cec275599cd835f9c2f85c41266e7e875e26656530fc0841"
"md","step-03b-subagent-isolation","tea","tea/workflows/testarch/bmad-testarch-test-review/steps-c/step-03b-subagent-isolation.md","bade8e67b4be797c8d0ad604cb46380b3d46d52b57936531f4e882903dbd93f7"
"md","step-03b-subagent-mobile","tea","tea/workflows/testarch/bmad-testarch-automate/steps-c/step-03b-subagent-mobile.md","e0b3ced1aa8f3bee37880e1f03df2ff8464cdc26dbb15e2248f959ec426bf121"
"md","step-03c-aggregate","tea","tea/workflows/testarch/bmad-testarch-automate/steps-c/step-03c-aggregate.md","1dd150638704feeeb71c08b8574c096016ed9a94b48e4d81cc757b44c742c04f"
"md","step-03c-subagent-maintainability","tea","tea/workflows/testarch/bmad-testarch-test-review/steps-c/step-03c-subagent-maintainability.md","a763ded2b657a5637988f03447b0ef212ec83031737edcfd20dd8012765fb337"
"md","step-03e-subagent-performance","tea","tea/workflows/testarch/bmad-testarch-test-review/steps-c/step-03e-subagent-performance.md","25cbd464ff424ba0dd0e6996ec61184522aa7f441a705fdd7ffc73d94b16b24d"
"md","step-03f-aggregate-scores","tea","tea/workflows/testarch/bmad-testarch-test-review/steps-c/step-03f-aggregate-scores.md","6045738e194ce6a020cb7d041c33ddd128ba9b90db2f353b2d94761a4d12ae03"
"md","step-04-analyze-gaps","tea","tea/workflows/testarch/bmad-testarch-trace/steps-c/step-04-analyze-gaps.md","0a2fedcccd9e0b6c177c6ba7fcfed48be28dcb4103688ed003ef5990119612f4"
"md","step-04-coverage-plan","tea","tea/workflows/testarch/bmad-testarch-test-design/steps-c/step-04-coverage-plan.md","214f753393634d66798a8da2c3cf036bbb9c6dbcff6d11232ea2562d3495aaf3"
"md","step-04-docs-and-scripts","tea","tea/workflows/testarch/bmad-testarch-framework/steps-c/step-04-docs-and-scripts.md","fda65ca12ba1c90f16dbe74ebb109fd60757c350b682b183b4460136d34a012a"
"md","step-04-evaluate-and-score","tea","tea/workflows/testarch/bmad-testarch-nfr/steps-c/step-04-evaluate-and-score.md","9e21a92c53cf1534d42d621ed4aea9552d3e6bdc160c7acc804e8badfae26cac"
"md","step-04-generate-report","tea","tea/workflows/testarch/bmad-testarch-test-review/steps-c/step-04-generate-report.md","5dd6c44bf650f04365ab8f1456f1e639c697a9df344ee47742c4870f8acaa884"
"md","step-04-generate-tests","tea","tea/workflows/testarch/bmad-testarch-atdd/steps-c/step-04-generate-tests.md","ffb3787ee145d74f2c32a5132b6a3c8d05737355cc57c03ff3362710dac5f8c8"
"md","step-04-session-01","tea","tea/workflows/testarch/bmad-teach-me-testing/steps-c/step-04-session-01.md","8afa0f2dd2f92b21d57e8b76222bd5d23ddeaa662ba0f8edcd2445d578215601"
"md","step-04-session-02","tea","tea/workflows/testarch/bmad-teach-me-testing/steps-c/step-04-session-02.md","239e6596cd02f4a85c1cae780c26e87b6246597254b59817efbb85246b159071"
"md","step-04-session-03","tea","tea/workflows/testarch/bmad-teach-me-testing/steps-c/step-04-session-03.md","9c62152a4fb83c2e7ec1c9769a201453f97a7a402a0293dd5893886e7aea35c0"
"md","step-04-session-04","tea","tea/workflows/testarch/bmad-teach-me-testing/steps-c/step-04-session-04.md","884f899c6cccd1e7c8d282136599367d496a137c4dfa2265dd2d1983b2f4b054"
"md","step-04-session-05","tea","tea/workflows/testarch/bmad-teach-me-testing/steps-c/step-04-session-05.md","9ba50708f76345d3b6be2eb12f5660ba7f03cfee80032c055f6c78cb3c4bfae2"
"md","step-04-session-06","tea","tea/workflows/testarch/bmad-teach-me-testing/steps-c/step-04-session-06.md","ef31633a57646b44200b51f11ab1344e044f0f86a309d28fa624fa3a521defc9"
"md","step-04-session-07","tea","tea/workflows/testarch/bmad-teach-me-testing/steps-c/step-04-session-07.md","ff849d85ea0460212b9a9164c7dd0f0f3d024b0a8802762eb506d25dfd9ab3a4"
"md","step-04-validate-and-summarize","tea","tea/workflows/testarch/bmad-testarch-automate/steps-c/step-04-validate-and-summarize.md","e95cf484ea9c958d8e5362e96f8ccdb3d3468067399ca856ecedf01d68b9ac71"
"md","step-04-validate-and-summary","tea","tea/workflows/testarch/bmad-testarch-ci/steps-c/step-04-validate-and-summary.md","c9d29ef979c4311f49338e2d8d83490957f4b9dbbbfb7f52b01fad8408912aec"
"md","step-04a-subagent-api-failing","tea","tea/workflows/testarch/bmad-testarch-atdd/steps-c/step-04a-subagent-api-failing.md","7bc331f1cebea94142810344ff40a2df20370a894cca8686182d0d1aeda5799f"
"md","step-04a-subagent-security","tea","tea/workflows/testarch/bmad-testarch-nfr/steps-c/step-04a-subagent-security.md","da128524dafb8fdb80243d9dc5324f3cd996430a7486a1f1d892864ab8fa362e"
"md","step-04b-subagent-e2e-failing","tea","tea/workflows/testarch/bmad-testarch-atdd/steps-c/step-04b-subagent-e2e-failing.md","e680198aed92a3c593d4f180b32eb6686b102d853c61af7947d7c6d192ea39f1"
"md","step-04b-subagent-performance","tea","tea/workflows/testarch/bmad-testarch-nfr/steps-c/step-04b-subagent-performance.md","0f4c0512866bbe51f010e1e9d6e8ed1a6cf3255d924a776daee340611a631644"
"md","step-04c-aggregate","tea","tea/workflows/testarch/bmad-testarch-atdd/steps-c/step-04c-aggregate.md","3bbf9cbb77dc58fea2798c071e183a6f3f1a98c82a89fc059f8fa6e1735ecc8f"
"md","step-04c-subagent-reliability","tea","tea/workflows/testarch/bmad-testarch-nfr/steps-c/step-04c-subagent-reliability.md","a8236fe4b1f670fc9e86a8829f441529df49449a808966e363d1b711628d0c26"
"md","step-04d-subagent-maintainability","tea","tea/workflows/testarch/bmad-testarch-nfr/steps-c/step-04d-subagent-maintainability.md","ad8cc225b2488fcd5fcbf881f043ec8eda0c75b68f6e5ad46e9cccfcf8a185c5"
"md","step-04e-aggregate-nfr","tea","tea/workflows/testarch/bmad-testarch-nfr/steps-c/step-04e-aggregate-nfr.md","775ff8926ed2c865e7eca63aa53dc13297a54f333761e366d029220167326085"
"md","step-05-completion","tea","tea/workflows/testarch/bmad-teach-me-testing/steps-c/step-05-completion.md","b35784b0e869024e4d31140834125e40c80d6f3482d0ad012de132e50afc2021"
"md","step-05-gate-decision","tea","tea/workflows/testarch/bmad-testarch-trace/steps-c/step-05-gate-decision.md","ca571903c5944f8472130aba6bef6304e28102d5dcb88caa87155ae23c702007"
"md","step-05-generate-output","tea","tea/workflows/testarch/bmad-testarch-test-design/steps-c/step-05-generate-output.md","8407b79c600af4c68677ecaad84480bfa55068a021403137a5d30d41f67bc74c"
"md","step-05-generate-report","tea","tea/workflows/testarch/bmad-testarch-nfr/steps-c/step-05-generate-report.md","2dd67d4ba23f7b9b176c6484e555b6edc205a366b414d2883b9d0b0be4f66e2f"
"md","step-05-validate-and-complete","tea","tea/workflows/testarch/bmad-testarch-atdd/steps-c/step-05-validate-and-complete.md","b06f5d423798fa001fb7590cd3ad8d17eecc956a29917af0c6eb3f617d3e671c"
"md","step-05-validate-and-summary","tea","tea/workflows/testarch/bmad-testarch-framework/steps-c/step-05-validate-and-summary.md","c857746f3511a2508176d2f40c35ad40bb314d7de33388a734435633f126b76a"
"md","step-e-01-assess-workflow","tea","tea/workflows/testarch/bmad-teach-me-testing/steps-e/step-e-01-assess-workflow.md","e432c582add7ed7726693d3ad6c07861ab76f9d57a0b11a59c9d223f62d14b16"
"md","step-e-02-apply-edits","tea","tea/workflows/testarch/bmad-teach-me-testing/steps-e/step-e-02-apply-edits.md","8a602e7be1490b26a9a95022e55158e0244e8e8651df8c2da881e05a03e75c9d"
"md","step-v-01-validate","tea","tea/workflows/testarch/bmad-teach-me-testing/steps-v/step-v-01-validate.md","f89a291ca524cb1f5e6dee7183fd3f18757af040e819031fd35933efc70e4628"
"md","tea-completion-summary.example","tea","tea/workflows/testarch/bmad-teach-me-testing/resources/tea-completion-summary.example.md","3a90c74fb1bee8a968a26ec7383373dfd775e3fe4230f6f6541a6bd1858c3d57"
"md","test-design-architecture-template","tea","tea/workflows/testarch/bmad-testarch-test-design/test-design-architecture-template.md","5a20da93f6f17713a429e6b24fc4a1ed16667bb4b1830d517c3dbd2eb630c89d"
"md","test-design-epic-3.example","tea","tea/workflows/testarch/bmad-testarch-test-design/resources/test-design-epic-3.example.md","c53824cc9c3a2dc79d3dcedf53b56dc70b7d0b5c6a6fae5a6f78b1c8c1399b22"
"md","test-design-handoff-template","tea","tea/workflows/testarch/bmad-testarch-test-design/test-design-handoff-template.md","ce1dd24dd95244e4a511bef74a3a7cb10e5620a3a137195a31608f81ac7e7b1b"
"md","test-design-qa-template","tea","tea/workflows/testarch/bmad-testarch-test-design/test-design-qa-template.md","65177a5ef6e6ef72cf161c5ed1fe6bf1d2bfb499b1803c76973f1dc7958850cd"
"md","test-design-template","tea","tea/workflows/testarch/bmad-testarch-test-design/test-design-template.md","c38a19deb8b97cab1e5671f1253d57ea3212a63694f5cb8faba984906ae64803"
"md","test-healing-patterns","tea","tea/agents/bmad-tea/resources/knowledge/test-healing-patterns.md","612df5155306376f011f7e1f5da5d660d1c1bec5aca9697e5a3bcefe505399d1"
"md","test-healing-patterns","tea","tea/workflows/testarch/bmad-testarch-atdd/resources/knowledge/test-healing-patterns.md","612df5155306376f011f7e1f5da5d660d1c1bec5aca9697e5a3bcefe505399d1"
"md","test-healing-patterns","tea","tea/workflows/testarch/bmad-testarch-automate/resources/knowledge/test-healing-patterns.md","612df5155306376f011f7e1f5da5d660d1c1bec5aca9697e5a3bcefe505399d1"
"md","test-healing-patterns","tea","tea/workflows/testarch/bmad-testarch-ci/resources/knowledge/test-healing-patterns.md","612df5155306376f011f7e1f5da5d660d1c1bec5aca9697e5a3bcefe505399d1"
"md","test-healing-patterns","tea","tea/workflows/testarch/bmad-testarch-framework/resources/knowledge/test-healing-patterns.md","612df5155306376f011f7e1f5da5d660d1c1bec5aca9697e5a3bcefe505399d1"
"md","test-healing-patterns","tea","tea/workflows/testarch/bmad-testarch-nfr/resources/knowledge/test-healing-patterns.md","612df5155306376f011f7e1f5da5d660d1c1bec5aca9697e5a3bcefe505399d1"
"md","test-healing-patterns","tea","tea/workflows/testarch/bmad-testarch-test-design/resources/knowledge/test-healing-patterns.md","612df5155306376f011f7e1f5da5d660d1c1bec5aca9697e5a3bcefe505399d1"
"md","test-healing-patterns","tea","tea/workflows/testarch/bmad-testarch-test-review/resources/knowledge/test-healing-patterns.md","612df5155306376f011f7e1f5da5d660d1c1bec5aca9697e5a3bcefe505399d1"
"md","test-healing-patterns","tea","tea/workflows/testarch/bmad-testarch-trace/resources/knowledge/test-healing-patterns.md","612df5155306376f011f7e1f5da5d660d1c1bec5aca9697e5a3bcefe505399d1"
"md","test-levels-framework","tea","tea/agents/bmad-tea/resources/knowledge/test-levels-framework.md","22b76acf805447f5968178e1a8c48f7e7e0d65965f1fe70a8f0f2a765ed0a216"
"md","test-levels-framework","tea","tea/workflows/testarch/bmad-testarch-atdd/resources/knowledge/test-levels-framework.md","22b76acf805447f5968178e1a8c48f7e7e0d65965f1fe70a8f0f2a765ed0a216"
"md","test-levels-framework","tea","tea/workflows/testarch/bmad-testarch-automate/resources/knowledge/test-levels-framework.md","22b76acf805447f5968178e1a8c48f7e7e0d65965f1fe70a8f0f2a765ed0a216"
"md","test-levels-framework","tea","tea/workflows/testarch/bmad-testarch-ci/resources/knowledge/test-levels-framework.md","22b76acf805447f5968178e1a8c48f7e7e0d65965f1fe70a8f0f2a765ed0a216"
"md","test-levels-framework","tea","tea/workflows/testarch/bmad-testarch-framework/resources/knowledge/test-levels-framework.md","22b76acf805447f5968178e1a8c48f7e7e0d65965f1fe70a8f0f2a765ed0a216"
"md","test-levels-framework","tea","tea/workflows/testarch/bmad-testarch-nfr/resources/knowledge/test-levels-framework.md","22b76acf805447f5968178e1a8c48f7e7e0d65965f1fe70a8f0f2a765ed0a216"
"md","test-levels-framework","tea","tea/workflows/testarch/bmad-testarch-test-design/resources/knowledge/test-levels-framework.md","22b76acf805447f5968178e1a8c48f7e7e0d65965f1fe70a8f0f2a765ed0a216"
"md","test-levels-framework","tea","tea/workflows/testarch/bmad-testarch-test-review/resources/knowledge/test-levels-framework.md","22b76acf805447f5968178e1a8c48f7e7e0d65965f1fe70a8f0f2a765ed0a216"
"md","test-levels-framework","tea","tea/workflows/testarch/bmad-testarch-trace/resources/knowledge/test-levels-framework.md","22b76acf805447f5968178e1a8c48f7e7e0d65965f1fe70a8f0f2a765ed0a216"
"md","test-priorities-matrix","tea","tea/agents/bmad-tea/resources/knowledge/test-priorities-matrix.md","45dc87b018586c439d451b7b22c476e4ec70e8cd0ee28e9136dd2eac9fe34bef"
"md","test-priorities-matrix","tea","tea/workflows/testarch/bmad-testarch-atdd/resources/knowledge/test-priorities-matrix.md","45dc87b018586c439d451b7b22c476e4ec70e8cd0ee28e9136dd2eac9fe34bef"
"md","test-priorities-matrix","tea","tea/workflows/testarch/bmad-testarch-automate/resources/knowledge/test-priorities-matrix.md","45dc87b018586c439d451b7b22c476e4ec70e8cd0ee28e9136dd2eac9fe34bef"
"md","test-priorities-matrix","tea","tea/workflows/testarch/bmad-testarch-ci/resources/knowledge/test-priorities-matrix.md","45dc87b018586c439d451b7b22c476e4ec70e8cd0ee28e9136dd2eac9fe34bef"
"md","test-priorities-matrix","tea","tea/workflows/testarch/bmad-testarch-framework/resources/knowledge/test-priorities-matrix.md","45dc87b018586c439d451b7b22c476e4ec70e8cd0ee28e9136dd2eac9fe34bef"
"md","test-priorities-matrix","tea","tea/workflows/testarch/bmad-testarch-nfr/resources/knowledge/test-priorities-matrix.md","45dc87b018586c439d451b7b22c476e4ec70e8cd0ee28e9136dd2eac9fe34bef"
"md","test-priorities-matrix","tea","tea/workflows/testarch/bmad-testarch-test-design/resources/knowledge/test-priorities-matrix.md","45dc87b018586c439d451b7b22c476e4ec70e8cd0ee28e9136dd2eac9fe34bef"
"md","test-priorities-matrix","tea","tea/workflows/testarch/bmad-testarch-test-review/resources/knowledge/test-priorities-matrix.md","45dc87b018586c439d451b7b22c476e4ec70e8cd0ee28e9136dd2eac9fe34bef"
"md","test-priorities-matrix","tea","tea/workflows/testarch/bmad-testarch-trace/resources/knowledge/test-priorities-matrix.md","45dc87b018586c439d451b7b22c476e4ec70e8cd0ee28e9136dd2eac9fe34bef"
"md","test-quality","tea","tea/agents/bmad-tea/resources/knowledge/test-quality.md","d29d97571514d0c191200ed25047a0a5f68c23eeb8a99a4d0dfeff2c33d12fa9"
"md","test-quality","tea","tea/workflows/testarch/bmad-testarch-atdd/resources/knowledge/test-quality.md","d29d97571514d0c191200ed25047a0a5f68c23eeb8a99a4d0dfeff2c33d12fa9"
"md","test-quality","tea","tea/workflows/testarch/bmad-testarch-automate/resources/knowledge/test-quality.md","d29d97571514d0c191200ed25047a0a5f68c23eeb8a99a4d0dfeff2c33d12fa9"
"md","test-quality","tea","tea/workflows/testarch/bmad-testarch-ci/resources/knowledge/test-quality.md","d29d97571514d0c191200ed25047a0a5f68c23eeb8a99a4d0dfeff2c33d12fa9"
"md","test-quality","tea","tea/workflows/testarch/bmad-testarch-framework/resources/knowledge/test-quality.md","d29d97571514d0c191200ed25047a0a5f68c23eeb8a99a4d0dfeff2c33d12fa9"
"md","test-quality","tea","tea/workflows/testarch/bmad-testarch-nfr/resources/knowledge/test-quality.md","d29d97571514d0c191200ed25047a0a5f68c23eeb8a99a4d0dfeff2c33d12fa9"
"md","test-quality","tea","tea/workflows/testarch/bmad-testarch-test-design/resources/knowledge/test-quality.md","d29d97571514d0c191200ed25047a0a5f68c23eeb8a99a4d0dfeff2c33d12fa9"
"md","test-quality","tea","tea/workflows/testarch/bmad-testarch-test-review/resources/knowledge/test-quality.md","d29d97571514d0c191200ed25047a0a5f68c23eeb8a99a4d0dfeff2c33d12fa9"
"md","test-quality","tea","tea/workflows/testarch/bmad-testarch-trace/resources/knowledge/test-quality.md","d29d97571514d0c191200ed25047a0a5f68c23eeb8a99a4d0dfeff2c33d12fa9"
"md","test-review-template","tea","tea/workflows/testarch/bmad-testarch-test-review/test-review-template.md","c3d2cb1712a61d5790c4b51e06ccf0ba8d5b2ca7260578ca8d993c77ed2d6d6a"
"md","test-review.example","tea","tea/workflows/testarch/bmad-testarch-test-review/resources/test-review.example.md","ce5cb6ddb28ea8e5f0b156906d5449a457e178ae5a0c8a48bc0d740aae924155"
"md","timing-debugging","tea","tea/agents/bmad-tea/resources/knowledge/timing-debugging.md","fe0a57f14f154fe0acd898a90ca930197c8ddfb72761ab872c68fe13e669c361"
"md","timing-debugging","tea","tea/workflows/testarch/bmad-testarch-atdd/resources/knowledge/timing-debugging.md","fe0a57f14f154fe0acd898a90ca930197c8ddfb72761ab872c68fe13e669c361"
"md","timing-debugging","tea","tea/workflows/testarch/bmad-testarch-automate/resources/knowledge/timing-debugging.md","fe0a57f14f154fe0acd898a90ca930197c8ddfb72761ab872c68fe13e669c361"
"md","timing-debugging","tea","tea/workflows/testarch/bmad-testarch-ci/resources/knowledge/timing-debugging.md","fe0a57f14f154fe0acd898a90ca930197c8ddfb72761ab872c68fe13e669c361"
"md","timing-debugging","tea","tea/workflows/testarch/bmad-testarch-framework/resources/knowledge/timing-debugging.md","fe0a57f14f154fe0acd898a90ca930197c8ddfb72761ab872c68fe13e669c361"
"md","timing-debugging","tea","tea/workflows/testarch/bmad-testarch-nfr/resources/knowledge/timing-debugging.md","fe0a57f14f154fe0acd898a90ca930197c8ddfb72761ab872c68fe13e669c361"
"md","timing-debugging","tea","tea/workflows/testarch/bmad-testarch-test-design/resources/knowledge/timing-debugging.md","fe0a57f14f154fe0acd898a90ca930197c8ddfb72761ab872c68fe13e669c361"
"md","timing-debugging","tea","tea/workflows/testarch/bmad-testarch-test-review/resources/knowledge/timing-debugging.md","fe0a57f14f154fe0acd898a90ca930197c8ddfb72761ab872c68fe13e669c361"
"md","timing-debugging","tea","tea/workflows/testarch/bmad-testarch-trace/resources/knowledge/timing-debugging.md","fe0a57f14f154fe0acd898a90ca930197c8ddfb72761ab872c68fe13e669c361"
"md","trace-template","tea","tea/workflows/testarch/bmad-testarch-trace/trace-template.md","7c6fb0e0001686f67fa0b70853278a9f0feb0f5c581eb6917406638912689ba2"
"md","traceability-matrix.example","tea","tea/workflows/testarch/bmad-testarch-trace/resources/traceability-matrix.example.md","4f9157494ef6effa4f647b84007b19917563029a626108934fb0f7011453dd21"
"md","visual-debugging","tea","tea/agents/bmad-tea/resources/knowledge/visual-debugging.md","4c40d5173d5b933d650884c4206f7e12aea77e7ca6fc0eb22770865b55e6522d"
"md","visual-debugging","tea","tea/workflows/testarch/bmad-testarch-atdd/resources/knowledge/visual-debugging.md","4c40d5173d5b933d650884c4206f7e12aea77e7ca6fc0eb22770865b55e6522d"
"md","visual-debugging","tea","tea/workflows/testarch/bmad-testarch-automate/resources/knowledge/visual-debugging.md","4c40d5173d5b933d650884c4206f7e12aea77e7ca6fc0eb22770865b55e6522d"
"md","visual-debugging","tea","tea/workflows/testarch/bmad-testarch-ci/resources/knowledge/visual-debugging.md","4c40d5173d5b933d650884c4206f7e12aea77e7ca6fc0eb22770865b55e6522d"
"md","visual-debugging","tea","tea/workflows/testarch/bmad-testarch-framework/resources/knowledge/visual-debugging.md","4c40d5173d5b933d650884c4206f7e12aea77e7ca6fc0eb22770865b55e6522d"
"md","visual-debugging","tea","tea/workflows/testarch/bmad-testarch-nfr/resources/knowledge/visual-debugging.md","4c40d5173d5b933d650884c4206f7e12aea77e7ca6fc0eb22770865b55e6522d"
"md","visual-debugging","tea","tea/workflows/testarch/bmad-testarch-test-design/resources/knowledge/visual-debugging.md","4c40d5173d5b933d650884c4206f7e12aea77e7ca6fc0eb22770865b55e6522d"
"md","visual-debugging","tea","tea/workflows/testarch/bmad-testarch-test-review/resources/knowledge/visual-debugging.md","4c40d5173d5b933d650884c4206f7e12aea77e7ca6fc0eb22770865b55e6522d"
"md","visual-debugging","tea","tea/workflows/testarch/bmad-testarch-trace/resources/knowledge/visual-debugging.md","4c40d5173d5b933d650884c4206f7e12aea77e7ca6fc0eb22770865b55e6522d"
"md","webhook-module-setup","tea","tea/agents/bmad-tea/resources/knowledge/webhook-module-setup.md","87dd6d7eb4dfd45691ccbb876a0bdf0b8a8b8622351be7539b8fb80504068048"
"md","webhook-module-setup","tea","tea/workflows/testarch/bmad-testarch-atdd/resources/knowledge/webhook-module-setup.md","87dd6d7eb4dfd45691ccbb876a0bdf0b8a8b8622351be7539b8fb80504068048"
"md","webhook-module-setup","tea","tea/workflows/testarch/bmad-testarch-automate/resources/knowledge/webhook-module-setup.md","87dd6d7eb4dfd45691ccbb876a0bdf0b8a8b8622351be7539b8fb80504068048"
"md","webhook-module-setup","tea","tea/workflows/testarch/bmad-testarch-ci/resources/knowledge/webhook-module-setup.md","87dd6d7eb4dfd45691ccbb876a0bdf0b8a8b8622351be7539b8fb80504068048"
"md","webhook-module-setup","tea","tea/workflows/testarch/bmad-testarch-framework/resources/knowledge/webhook-module-setup.md","87dd6d7eb4dfd45691ccbb876a0bdf0b8a8b8622351be7539b8fb80504068048"
"md","webhook-module-setup","tea","tea/workflows/testarch/bmad-testarch-nfr/resources/knowledge/webhook-module-setup.md","87dd6d7eb4dfd45691ccbb876a0bdf0b8a8b8622351be7539b8fb80504068048"
"md","webhook-module-setup","tea","tea/workflows/testarch/bmad-testarch-test-design/resources/knowledge/webhook-module-setup.md","87dd6d7eb4dfd45691ccbb876a0bdf0b8a8b8622351be7539b8fb80504068048"
"md","webhook-module-setup","tea","tea/workflows/testarch/bmad-testarch-test-review/resources/knowledge/webhook-module-setup.md","87dd6d7eb4dfd45691ccbb876a0bdf0b8a8b8622351be7539b8fb80504068048"
"md","webhook-module-setup","tea","tea/workflows/testarch/bmad-testarch-trace/resources/knowledge/webhook-module-setup.md","87dd6d7eb4dfd45691ccbb876a0bdf0b8a8b8622351be7539b8fb80504068048"
"md","webhook-providers","tea","tea/agents/bmad-tea/resources/knowledge/webhook-providers.md","a71ba2c09c45541d4d262c4db85fb9b2aeb021bb09779c65454a5ed3bd546c63"
"md","webhook-providers","tea","tea/workflows/testarch/bmad-testarch-atdd/resources/knowledge/webhook-providers.md","a71ba2c09c45541d4d262c4db85fb9b2aeb021bb09779c65454a5ed3bd546c63"
"md","webhook-providers","tea","tea/workflows/testarch/bmad-testarch-automate/resources/knowledge/webhook-providers.md","a71ba2c09c45541d4d262c4db85fb9b2aeb021bb09779c65454a5ed3bd546c63"
"md","webhook-providers","tea","tea/workflows/testarch/bmad-testarch-ci/resources/knowledge/webhook-providers.md","a71ba2c09c45541d4d262c4db85fb9b2aeb021bb09779c65454a5ed3bd546c63"
"md","webhook-providers","tea","tea/workflows/testarch/bmad-testarch-framework/resources/knowledge/webhook-providers.md","a71ba2c09c45541d4d262c4db85fb9b2aeb021bb09779c65454a5ed3bd546c63"
"md","webhook-providers","tea","tea/workflows/testarch/bmad-testarch-nfr/resources/knowledge/webhook-providers.md","a71ba2c09c45541d4d262c4db85fb9b2aeb021bb09779c65454a5ed3bd546c63"
"md","webhook-providers","tea","tea/workflows/testarch/bmad-testarch-test-design/resources/knowledge/webhook-providers.md","a71ba2c09c45541d4d262c4db85fb9b2aeb021bb09779c65454a5ed3bd546c63"
"md","webhook-providers","tea","tea/workflows/testarch/bmad-testarch-test-review/resources/knowledge/webhook-providers.md","a71ba2c09c45541d4d262c4db85fb9b2aeb021bb09779c65454a5ed3bd546c63"
"md","webhook-providers","tea","tea/workflows/testarch/bmad-testarch-trace/resources/knowledge/webhook-providers.md","a71ba2c09c45541d4d262c4db85fb9b2aeb021bb09779c65454a5ed3bd546c63"
"md","webhook-risk-guidance","tea","tea/agents/bmad-tea/resources/knowledge/webhook-risk-guidance.md","ff8a5b79d3d4e5b9a98eaf346e7efcf685e40bf012e1a8a3e5e1b6c3635be26f"
"md","webhook-risk-guidance","tea","tea/workflows/testarch/bmad-testarch-atdd/resources/knowledge/webhook-risk-guidance.md","ff8a5b79d3d4e5b9a98eaf346e7efcf685e40bf012e1a8a3e5e1b6c3635be26f"
"md","webhook-risk-guidance","tea","tea/workflows/testarch/bmad-testarch-automate/resources/knowledge/webhook-risk-guidance.md","ff8a5b79d3d4e5b9a98eaf346e7efcf685e40bf012e1a8a3e5e1b6c3635be26f"
"md","webhook-risk-guidance","tea","tea/workflows/testarch/bmad-testarch-ci/resources/knowledge/webhook-risk-guidance.md","ff8a5b79d3d4e5b9a98eaf346e7efcf685e40bf012e1a8a3e5e1b6c3635be26f"
"md","webhook-risk-guidance","tea","tea/workflows/testarch/bmad-testarch-framework/resources/knowledge/webhook-risk-guidance.md","ff8a5b79d3d4e5b9a98eaf346e7efcf685e40bf012e1a8a3e5e1b6c3635be26f"
"md","webhook-risk-guidance","tea","tea/workflows/testarch/bmad-testarch-nfr/resources/knowledge/webhook-risk-guidance.md","ff8a5b79d3d4e5b9a98eaf346e7efcf685e40bf012e1a8a3e5e1b6c3635be26f"
"md","webhook-risk-guidance","tea","tea/workflows/testarch/bmad-testarch-test-design/resources/knowledge/webhook-risk-guidance.md","ff8a5b79d3d4e5b9a98eaf346e7efcf685e40bf012e1a8a3e5e1b6c3635be26f"
"md","webhook-risk-guidance","tea","tea/workflows/testarch/bmad-testarch-test-review/resources/knowledge/webhook-risk-guidance.md","ff8a5b79d3d4e5b9a98eaf346e7efcf685e40bf012e1a8a3e5e1b6c3635be26f"
"md","webhook-risk-guidance","tea","tea/workflows/testarch/bmad-testarch-trace/resources/knowledge/webhook-risk-guidance.md","ff8a5b79d3d4e5b9a98eaf346e7efcf685e40bf012e1a8a3e5e1b6c3635be26f"
"md","webhook-template-matchers","tea","tea/agents/bmad-tea/resources/knowledge/webhook-template-matchers.md","abf92e617b194199439c60fafe68cb0481b48e9ef09f69c01c8a424429a6009f"
"md","webhook-template-matchers","tea","tea/workflows/testarch/bmad-testarch-atdd/resources/knowledge/webhook-template-matchers.md","abf92e617b194199439c60fafe68cb0481b48e9ef09f69c01c8a424429a6009f"
"md","webhook-template-matchers","tea","tea/workflows/testarch/bmad-testarch-automate/resources/knowledge/webhook-template-matchers.md","abf92e617b194199439c60fafe68cb0481b48e9ef09f69c01c8a424429a6009f"
"md","webhook-template-matchers","tea","tea/workflows/testarch/bmad-testarch-ci/resources/knowledge/webhook-template-matchers.md","abf92e617b194199439c60fafe68cb0481b48e9ef09f69c01c8a424429a6009f"
"md","webhook-template-matchers","tea","tea/workflows/testarch/bmad-testarch-framework/resources/knowledge/webhook-template-matchers.md","abf92e617b194199439c60fafe68cb0481b48e9ef09f69c01c8a424429a6009f"
"md","webhook-template-matchers","tea","tea/workflows/testarch/bmad-testarch-nfr/resources/knowledge/webhook-template-matchers.md","abf92e617b194199439c60fafe68cb0481b48e9ef09f69c01c8a424429a6009f"
"md","webhook-template-matchers","tea","tea/workflows/testarch/bmad-testarch-test-design/resources/knowledge/webhook-template-matchers.md","abf92e617b194199439c60fafe68cb0481b48e9ef09f69c01c8a424429a6009f"
"md","webhook-template-matchers","tea","tea/workflows/testarch/bmad-testarch-test-review/resources/knowledge/webhook-template-matchers.md","abf92e617b194199439c60fafe68cb0481b48e9ef09f69c01c8a424429a6009f"
"md","webhook-template-matchers","tea","tea/workflows/testarch/bmad-testarch-trace/resources/knowledge/webhook-template-matchers.md","abf92e617b194199439c60fafe68cb0481b48e9ef09f69c01c8a424429a6009f"
"md","webhook-testing-fundamentals","tea","tea/agents/bmad-tea/resources/knowledge/webhook-testing-fundamentals.md","cc1778b9aa95cb6fe00cfbb2115a2238636f71513cf159b7c02cbb3e091541c3"
"md","webhook-testing-fundamentals","tea","tea/workflows/testarch/bmad-testarch-atdd/resources/knowledge/webhook-testing-fundamentals.md","cc1778b9aa95cb6fe00cfbb2115a2238636f71513cf159b7c02cbb3e091541c3"
"md","webhook-testing-fundamentals","tea","tea/workflows/testarch/bmad-testarch-automate/resources/knowledge/webhook-testing-fundamentals.md","cc1778b9aa95cb6fe00cfbb2115a2238636f71513cf159b7c02cbb3e091541c3"
"md","webhook-testing-fundamentals","tea","tea/workflows/testarch/bmad-testarch-ci/resources/knowledge/webhook-testing-fundamentals.md","cc1778b9aa95cb6fe00cfbb2115a2238636f71513cf159b7c02cbb3e091541c3"
"md","webhook-testing-fundamentals","tea","tea/workflows/testarch/bmad-testarch-framework/resources/knowledge/webhook-testing-fundamentals.md","cc1778b9aa95cb6fe00cfbb2115a2238636f71513cf159b7c02cbb3e091541c3"
"md","webhook-testing-fundamentals","tea","tea/workflows/testarch/bmad-testarch-nfr/resources/knowledge/webhook-testing-fundamentals.md","cc1778b9aa95cb6fe00cfbb2115a2238636f71513cf159b7c02cbb3e091541c3"
"md","webhook-testing-fundamentals","tea","tea/workflows/testarch/bmad-testarch-test-design/resources/knowledge/webhook-testing-fundamentals.md","cc1778b9aa95cb6fe00cfbb2115a2238636f71513cf159b7c02cbb3e091541c3"
"md","webhook-testing-fundamentals","tea","tea/workflows/testarch/bmad-testarch-test-review/resources/knowledge/webhook-testing-fundamentals.md","cc1778b9aa95cb6fe00cfbb2115a2238636f71513cf159b7c02cbb3e091541c3"
"md","webhook-testing-fundamentals","tea","tea/workflows/testarch/bmad-testarch-trace/resources/knowledge/webhook-testing-fundamentals.md","cc1778b9aa95cb6fe00cfbb2115a2238636f71513cf159b7c02cbb3e091541c3"
"md","webhook-timeout-error","tea","tea/agents/bmad-tea/resources/knowledge/webhook-timeout-error.md","98313793aac3314653d3e1f543bd6136206132e7cfb9ecb4bea3417587b6d09b"
"md","webhook-timeout-error","tea","tea/workflows/testarch/bmad-testarch-atdd/resources/knowledge/webhook-timeout-error.md","98313793aac3314653d3e1f543bd6136206132e7cfb9ecb4bea3417587b6d09b"
"md","webhook-timeout-error","tea","tea/workflows/testarch/bmad-testarch-automate/resources/knowledge/webhook-timeout-error.md","98313793aac3314653d3e1f543bd6136206132e7cfb9ecb4bea3417587b6d09b"
"md","webhook-timeout-error","tea","tea/workflows/testarch/bmad-testarch-ci/resources/knowledge/webhook-timeout-error.md","98313793aac3314653d3e1f543bd6136206132e7cfb9ecb4bea3417587b6d09b"
"md","webhook-timeout-error","tea","tea/workflows/testarch/bmad-testarch-framework/resources/knowledge/webhook-timeout-error.md","98313793aac3314653d3e1f543bd6136206132e7cfb9ecb4bea3417587b6d09b"
"md","webhook-timeout-error","tea","tea/workflows/testarch/bmad-testarch-nfr/resources/knowledge/webhook-timeout-error.md","98313793aac3314653d3e1f543bd6136206132e7cfb9ecb4bea3417587b6d09b"
"md","webhook-timeout-error","tea","tea/workflows/testarch/bmad-testarch-test-design/resources/knowledge/webhook-timeout-error.md","98313793aac3314653d3e1f543bd6136206132e7cfb9ecb4bea3417587b6d09b"
"md","webhook-timeout-error","tea","tea/workflows/testarch/bmad-testarch-test-review/resources/knowledge/webhook-timeout-error.md","98313793aac3314653d3e1f543bd6136206132e7cfb9ecb4bea3417587b6d09b"
"md","webhook-timeout-error","tea","tea/workflows/testarch/bmad-testarch-trace/resources/knowledge/webhook-timeout-error.md","98313793aac3314653d3e1f543bd6136206132e7cfb9ecb4bea3417587b6d09b"
"md","webhook-waiting-querying","tea","tea/agents/bmad-tea/resources/knowledge/webhook-waiting-querying.md","d914f3cfa9b3cfbd94fd0d3d057a7b578764cf37cdfc1b29278e03c88c3b06c5"
"md","webhook-waiting-querying","tea","tea/workflows/testarch/bmad-testarch-atdd/resources/knowledge/webhook-waiting-querying.md","d914f3cfa9b3cfbd94fd0d3d057a7b578764cf37cdfc1b29278e03c88c3b06c5"
"md","webhook-waiting-querying","tea","tea/workflows/testarch/bmad-testarch-automate/resources/knowledge/webhook-waiting-querying.md","d914f3cfa9b3cfbd94fd0d3d057a7b578764cf37cdfc1b29278e03c88c3b06c5"
"md","webhook-waiting-querying","tea","tea/workflows/testarch/bmad-testarch-ci/resources/knowledge/webhook-waiting-querying.md","d914f3cfa9b3cfbd94fd0d3d057a7b578764cf37cdfc1b29278e03c88c3b06c5"
"md","webhook-waiting-querying","tea","tea/workflows/testarch/bmad-testarch-framework/resources/knowledge/webhook-waiting-querying.md","d914f3cfa9b3cfbd94fd0d3d057a7b578764cf37cdfc1b29278e03c88c3b06c5"
"md","webhook-waiting-querying","tea","tea/workflows/testarch/bmad-testarch-nfr/resources/knowledge/webhook-waiting-querying.md","d914f3cfa9b3cfbd94fd0d3d057a7b578764cf37cdfc1b29278e03c88c3b06c5"
"md","webhook-waiting-querying","tea","tea/workflows/testarch/bmad-testarch-test-design/resources/knowledge/webhook-waiting-querying.md","d914f3cfa9b3cfbd94fd0d3d057a7b578764cf37cdfc1b29278e03c88c3b06c5"
"md","webhook-waiting-querying","tea","tea/workflows/testarch/bmad-testarch-test-review/resources/knowledge/webhook-waiting-querying.md","d914f3cfa9b3cfbd94fd0d3d057a7b578764cf37cdfc1b29278e03c88c3b06c5"
"md","webhook-waiting-querying","tea","tea/workflows/testarch/bmad-testarch-trace/resources/knowledge/webhook-waiting-querying.md","d914f3cfa9b3cfbd94fd0d3d057a7b578764cf37cdfc1b29278e03c88c3b06c5"
"toml","customize","tea","tea/agents/bmad-tea/customize.toml","ebbcf098364c9cb280a48fa839f5c4ba348e48a41e6c7b9cb512995d96846d61"
"toml","customize","tea","tea/workflows/testarch/bmad-teach-me-testing/customize.toml","d7f6daa98a9fa154d69c0f91b6c61acdb8e13408c846ea422c6e308c97f37027"
"toml","customize","tea","tea/workflows/testarch/bmad-testarch-atdd/customize.toml","e8d4d160c0327ef93f14e0bf9d3ab3fad5a9f2a9fe5eda7fb5d2ae0f0890b9be"
"toml","customize","tea","tea/workflows/testarch/bmad-testarch-automate/customize.toml","7bb315113d3c28c8264d62f1c2e6e9027ed0e0aeba8d4d91cf514c29cb213ee9"
"toml","customize","tea","tea/workflows/testarch/bmad-testarch-ci/customize.toml","d6548d558c1caf91ec99f7f128d41064829962087fe77c4751c19dea057bb39c"
"toml","customize","tea","tea/workflows/testarch/bmad-testarch-framework/customize.toml","c33b2d19cf10355c28e8952bbb00af90e9804b0f1233e0da6df242b1373a453f"
"toml","customize","tea","tea/workflows/testarch/bmad-testarch-nfr/customize.toml","41a3196bbb5c96c0905d146e0901058c2cdcc1f834bafac805c6a21062ceab5b"
"toml","customize","tea","tea/workflows/testarch/bmad-testarch-test-design/customize.toml","1005e632a0a9ac176e99c32c49cf82067df84992f0e1fe7541e594704f1d5732"
"toml","customize","tea","tea/workflows/testarch/bmad-testarch-test-review/customize.toml","23d7e9214d487f057dfcb1bd93f5828b6e7848d5627d661973fb3fbf9ab15762"
"toml","customize","tea","tea/workflows/testarch/bmad-testarch-trace/customize.toml","985fa59f35b208eec5ec0fef8cfba3520d42b76d71e2309332abcd02b18b78ed"
"yaml","azure-pipelines-template","tea","tea/workflows/testarch/bmad-testarch-ci/azure-pipelines-template.yaml","e53405833b819cd70b7226ea624236ff2490659985b0512244303dc9676acb34"
"yaml","config","tea","tea/config.yaml","fd39ce18171668cef5dea3fd06bf6165b2265fc5c184d8bf115badfd6d15a329"
"yaml","curriculum","tea","tea/workflows/testarch/bmad-teach-me-testing/data/curriculum.yaml","8c06984ef28c317b454214ecb821a8bda637d4edf49d4f93ce5345231c0f7a67"
"yaml","github-actions-template","tea","tea/workflows/testarch/bmad-testarch-ci/github-actions-template.yaml","dbf33e640d9017650b5eed7af28f8914172a0dcfd04552a0342ef61b459b28c2"
"yaml","gitlab-ci-template","tea","tea/workflows/testarch/bmad-testarch-ci/gitlab-ci-template.yaml","af7d7e50802c1f4cbdfdfc20b0cd8a86ba5cec5b9eaedaec29e4c8aec6049ae6"
"yaml","harness-pipeline-template","tea","tea/workflows/testarch/bmad-testarch-ci/harness-pipeline-template.yaml","243aa43a5139a9bca9e5300070e2efeb97c13f0bb94d166f84b035025d5c4f8d"
"yaml","progress-template","tea","tea/workflows/testarch/bmad-teach-me-testing/templates/progress-template.yaml","1000c7df2fdab3752f2c6af4ef3c72677817666ccd7e795a96e2afae663b9b4d"
"yaml","quiz-questions","tea","tea/workflows/testarch/bmad-teach-me-testing/data/quiz-questions.yaml","42c5e6c8703e22992cfcbbeb23d871054b15257153010efe53bf44dbc1f27b4f"
"yaml","role-paths","tea","tea/workflows/testarch/bmad-teach-me-testing/data/role-paths.yaml","8cf13b5649736b736accf5f99971c9713cf5c3c3d6f0d749fb42f58b3cbcd04b"
"yaml","session-content-map","tea","tea/workflows/testarch/bmad-teach-me-testing/data/session-content-map.yaml","3dc470eb246b8f1582e09d413df66b01970cd2ea012a7b433486bc703a65b260"
"yaml","tea-resources-index","tea","tea/workflows/testarch/bmad-teach-me-testing/data/tea-resources-index.yaml","244c6e09a2971d807ad34ff62dd31341505d8872ef74da6016b3b06355cf87ab"
"yaml","workflow","tea","tea/workflows/testarch/bmad-testarch-atdd/workflow.yaml","7f0ed54ed25cc51e4ecf3dd0e9298613a679982865473d82b81c117342a51a71"
"yaml","workflow","tea","tea/workflows/testarch/bmad-testarch-automate/workflow.yaml","812166a75f88418ecfba92f43e293ce33476275218a6b874f9d3ab3b3eb34a02"
"yaml","workflow","tea","tea/workflows/testarch/bmad-testarch-ci/workflow.yaml","e32ab0b461dc951b66864d701bb27e4ebab959498689bf28fa4838210a120b83"
"yaml","workflow","tea","tea/workflows/testarch/bmad-testarch-framework/workflow.yaml","13f99eb56accb5e8da5f28aabe4041b2a736472f92edd241f3f7ce3294b1f29f"
"yaml","workflow","tea","tea/workflows/testarch/bmad-testarch-nfr/workflow.yaml","2e980a1b8f3e3fc954784fc9750ebd5d1703a6171005116a7c4fb202d664f978"
"yaml","workflow","tea","tea/workflows/testarch/bmad-testarch-test-design/workflow.yaml","28e61166a437ccef0a3e72e8860bdee446d92e2e6dea3e0330b34b52a12c2a0b"
"yaml","workflow","tea","tea/workflows/testarch/bmad-testarch-test-review/workflow.yaml","74fa54b4009c2bd8d538a3ca1a64cb1155812a51c3d6d5c24a16a4c5ab87302b"
"yaml","workflow","tea","tea/workflows/testarch/bmad-testarch-trace/workflow.yaml","7a2b8c3592b032da449bdbe297c1d2768e3652d6de615e5fe83fa5bd4a0d1b1a"
